Country,Year,Sampling Point Id,Air Quality Station EoI Code,Longitude,Latitude,Altitude,Air Quality Station Area,Air Quality Station Type,AirQualityStation
Albania,2023.0,SPO-AL0203A_00001_100,AL0203A,20.78018,40.62593,848.0,suburban,background,STA-AL0203A
Albania,2023.0,SPO-AL0205A_00001_100,AL0205A,19.4492,41.3199,1.0,urban,traffic,STA-AL0205A
Albania,2023.0,SPO-AL0206A_00001_100,AL0206A,19.52342,42.3139,13.0,urban,background,STA-AL0206A
Albania,2023.0,SPO-AL0207A_00001_100,AL0207A,20.0817,41.11098,150.0,urban,traffic,STA-AL0207A
Bosnia and Herzegovina,2023.0,SPO-BA0029A_00001_100,BA0029A,18.42306,43.8675,630.0,urban,background,STA-BA0029A
Bosnia and Herzegovina,2023.0,SPO-BA0031A_00001_100,BA0031A,18.67334,44.54055,220.0,urban,traffic,STA-BA0031A
Bosnia and Herzegovina,2023.0,SPO-BA0040A_00001_100,BA0040A,17.2679,44.343,421.0,urban,background,STA-BA0040A
Bosnia and Herzegovina,2023.0,SPO-BA0047A_00001_100,BA0047A,17.59,45.07,88.0,urban,industrial,STA-BA0047A
Bosnia and Herzegovina,2023.0,SPO-BA0048A_00001_100,BA0048A,16.71,44.97,133.0,urban,background,STA-BA0048A
Bosnia and Herzegovina,2023.0,SPO-BA0042A_00001_100,BA0042A,18.3637,43.8484,512.0,urban,background,STA-BA0042A
Bosnia and Herzegovina,2023.0,SPO-BA0043A_00001_100,BA0043A,18.3111,43.8301,498.0,urban,background,STA-BA0043A
Bosnia and Herzegovina,2023.0,SPO-BA0050A_00001_100,BA0050A,18.2693,43.96,459.0,urban,background,STA-BA0050A
Bosnia and Herzegovina,2023.0,SPO-BA0045A_00001_100,BA0045A,18.5347,44.5332,187.0,urban,industrial,STA-BA0045A
Bosnia and Herzegovina,2023.0,SPO-BA0039A_00001_100,BA0039A,17.932,44.1952,332.0,urban,background,STA-BA0039A
Belgium,2024.0,SPO-BETB001_00001_100,BETB001,4.36811,50.84578,64.0,urban,traffic,STA-BETB001
Belgium,2024.0,SPO-BETB004_00007_100,BETB004,4.34778,50.85206,17.0,urban,background,STA-BETB004
Belgium,2024.0,SPO-BETB006_00007_100,BETB006,4.37439,50.83864,67.0,urban,background,STA-BETB006
Belgium,2024.0,SPO-BETB011_00001_100,BETB011,4.28871,50.85781,66.0,suburban,background,STA-BETB011
Belgium,2024.0,SPO-BETMEU1_00001_100,BETMEU1,4.39572,50.895,34.0,suburban,background,STA-BETMEU1
Belgium,2024.0,SPO-BETN043_00001_100,BETN043,4.38298,50.88369,17.0,suburban,industrial,STA-BETN043
Belgium,2024.0,SPO-BETR001_00001_100,BETR001,4.3341,50.84971,20.0,urban,background,STA-BETR001
Belgium,2024.0,SPO-BETR002_00001_100,BETR002,4.38456,50.82513,76.0,urban,traffic,STA-BETR002
Belgium,2024.0,SPO-BETR012_00001_100,BETR012,4.35862,50.79665,101.0,suburban,background,STA-BETR012
Belgium,2024.0,SPO-BETWOL1_00001_100,BETWOL1,4.42576,50.85671,78.0,suburban,traffic,STA-BETWOL1
Belgium,2024.0,SPO-BELAL01_00005_100,BELAL01,4.38522,51.23619,0.0,suburban,industrial,STA-BELAL01
Belgium,2024.0,SPO-BELHB23_00001_100,BELHB23,4.34093,51.17029,13.0,suburban,industrial,STA-BELHB23
Belgium,2024.0,SPO-BELLD01_00008_100,BELLD01,5.00485,51.10999,20.0,rural,industrial,STA-BELLD01
Belgium,2024.0,SPO-BELLD02_00008_100,BELLD02,5.02167,51.12137,22.0,rural,industrial,STA-BELLD02
Belgium,2024.0,SPO-BELR833_00005_100,BELR833,4.36217,51.32771,5.0,rural,industrial,STA-BELR833
Belgium,2024.0,SPO-BELSZ02_00001_100,BELSZ02,4.51218,50.91302,15.0,rural,industrial,STA-BELSZ02
Belgium,2024.0,SPO-BENAL08_00008_100,BENAL08,4.38011,51.21575,0.0,urban,traffic,STA-BENAL08
Belgium,2024.0,SPO-BENAT20_00008_100,BENAT20,4.40074,51.20802,0.0,urban,traffic,STA-BENAT20
Belgium,2024.0,SPO-BENAT29_00008_100,BENAT29,4.39956,51.19502,0.0,urban,traffic,STA-BENAT29
Belgium,2024.0,SPO-BENAT37_00008_100,BENAT37,4.40359,51.21742,0.0,urban,traffic,STA-BENAT37
Belgium,2024.0,SPO-BENAT38_00008_100,BENAT38,4.41019,51.22719,0.0,urban,traffic,STA-BENAT38
Belgium,2024.0,SPO-BENAT39_00008_100,BENAT39,4.44004,51.21377,0.0,urban,traffic,STA-BENAT39
Belgium,2024.0,SPO-BENAT40_00008_100,BENAT40,4.41114,51.21109,0.0,urban,traffic,STA-BENAT40
Belgium,2024.0,SPO-BENAT41_00008_100,BENAT41,4.42324,51.20188,0.0,urban,traffic,STA-BENAT41
Belgium,2024.0,SPO-BENAT43_00008_100,BENAT43,4.42355,51.23315,0.0,urban,traffic,STA-BENAT43
Belgium,2024.0,SPO-BENAT45_00008_100,BENAT45,4.4333,51.22172,0.0,urban,traffic,STA-BENAT45
Belgium,2024.0,SPO-BENAT46_00008_100,BENAT46,4.43677,51.22613,0.0,urban,traffic,STA-BENAT46
Belgium,2024.0,SPO-BENAT47_00008_100,BENAT47,4.41833,51.22172,0.0,urban,traffic,STA-BENAT47
Belgium,2024.0,SPO-BENAT48_00008_100,BENAT48,4.40228,51.20141,0.0,urban,traffic,STA-BENAT48
Belgium,2024.0,SPO-BENAT49_00008_100,BENAT49,4.38416,51.18762,0.0,urban,traffic,STA-BENAT49
Belgium,2024.0,SPO-BENBT03_00008_100,BENBT03,4.4331,51.21313,0.0,urban,traffic,STA-BENBT03
Belgium,2024.0,SPO-BENBT04_00008_100,BENBT04,4.44995,51.20197,0.0,urban,traffic,STA-BENBT04
Belgium,2024.0,SPO-BENDU05_00008_100,BENDU05,4.46864,51.21746,0.0,urban,traffic,STA-BENDU05
Belgium,2024.0,SPO-BENDU06_00008_100,BENDU06,4.45963,51.20973,0.0,urban,traffic,STA-BENDU06
Belgium,2024.0,SPO-BENGN36_00008_100,BENGN36,3.70955,51.04841,0.0,urban,traffic,STA-BENGN36
Belgium,2024.0,SPO-BENGN37_00008_100,BENGN37,3.70116,51.06512,0.0,urban,traffic,STA-BENGN37
Belgium,2024.0,SPO-BENGN38_00008_100,BENGN38,3.73793,51.05797,0.0,urban,traffic,STA-BENGN38
Belgium,2024.0,SPO-BENGN39_00008_100,BENGN39,3.69359,51.05736,0.0,urban,traffic,STA-BENGN39
Belgium,2024.0,SPO-BENGN40_00008_100,BENGN40,3.73774,51.03931,0.0,urban,traffic,STA-BENGN40
Belgium,2024.0,SPO-BENGN41_00008_100,BENGN41,3.70592,51.05498,0.0,urban,traffic,STA-BENGN41
Belgium,2024.0,SPO-BENGN42_00008_100,BENGN42,3.70904,51.05357,0.0,urban,traffic,STA-BENGN42
Belgium,2024.0,SPO-BENGN43_00008_100,BENGN43,3.73605,51.04406,0.0,urban,traffic,STA-BENGN43
Belgium,2024.0,SPO-BENGN44_00008_100,BENGN44,3.73672,51.04847,0.0,urban,traffic,STA-BENGN44
Belgium,2024.0,SPO-BENGN45_00008_100,BENGN45,3.73337,51.05663,0.0,urban,traffic,STA-BENGN45
Belgium,2024.0,SPO-BENGN46_00008_100,BENGN46,3.71141,51.05946,0.0,urban,traffic,STA-BENGN46
Belgium,2024.0,SPO-BENGN47_00008_100,BENGN47,3.72216,51.04505,0.0,urban,traffic,STA-BENGN47
Belgium,2024.0,SPO-BENGN48_00008_100,BENGN48,3.71933,51.04651,0.0,urban,traffic,STA-BENGN48
Belgium,2024.0,SPO-BENGN49_00008_100,BENGN49,3.70638,51.05794,0.0,urban,traffic,STA-BENGN49
Belgium,2024.0,SPO-BENGN50_00008_100,BENGN50,3.73141,51.05326,0.0,urban,traffic,STA-BENGN50
Belgium,2024.0,SPO-BENGN51_00008_100,BENGN51,3.72475,51.06211,0.0,urban,traffic,STA-BENGN51
Belgium,2024.0,SPO-BENGN52_00008_100,BENGN52,3.72737,51.04806,0.0,urban,traffic,STA-BENGN52
Belgium,2024.0,SPO-BENGN53_00008_100,BENGN53,3.71383,51.05476,0.0,urban,traffic,STA-BENGN53
Belgium,2024.0,SPO-BENGN54_00008_100,BENGN54,3.71975,51.05056,0.0,urban,traffic,STA-BENGN54
Belgium,2024.0,SPO-BENGN55_00008_100,BENGN55,3.72173,51.05665,0.0,urban,traffic,STA-BENGN55
Belgium,2024.0,SPO-BENR818_00008_100,BENR818,4.35048,51.21223,5.0,suburban,industrial,STA-BENR818
Belgium,2024.0,SPO-BETE007_00001_100,BETE007,4.25263,50.7953,54.0,rural,industrial,STA-BETE007
Belgium,2024.0,SPO-BETE008_00001_100,BETE008,4.39592,50.9261,14.0,rural,industrial,STA-BETE008
Belgium,2024.0,SPO-BETE009_00001_100,BETE009,4.43542,50.95492,43.0,rural,industrial,STA-BETE009
Belgium,2024.0,SPO-BETE703_00001_100,BETE703,3.6873,51.19032,0.0,rural,industrial,STA-BETE703
Belgium,2024.0,SPO-BETE704_00008_100,BETE704,3.86993,51.1761,0.0,rural,industrial,STA-BETE704
Belgium,2024.0,SPO-BETE714_00001_100,BETE714,3.24862,51.27896,11.0,rural,industrial,STA-BETE714
Belgium,2024.0,SPO-BETE715_00001_100,BETE715,3.17498,51.24586,4.0,rural,industrial,STA-BETE715
Belgium,2024.0,SPO-BETE716_00001_100,BETE716,3.68281,51.06699,8.0,suburban,industrial,STA-BETE716
Belgium,2024.0,SPO-BETE814_00008_100,BETE814,5.12972,51.08219,0.0,rural,industrial,STA-BETE814
Belgium,2024.0,SPO-BETM702_00001_100,BETM702,3.76214,51.16602,5.0,rural,industrial,STA-BETM702
Belgium,2024.0,SPO-BETM705_00001_100,BETM705,3.1524,50.94536,19.0,suburban,industrial,STA-BETM705
Belgium,2024.0,SPO-BETM802_00001_100,BETM802,4.4244,51.26099,3.0,suburban,industrial,STA-BETM802
Belgium,2024.0,SPO-BETN012_00001_100,BETN012,3.36254,51.25457,3.0,rural,background,STA-BETN012
Belgium,2024.0,SPO-BETN016_00001_100,BETN016,5.16398,51.23365,30.0,rural,background,STA-BETN016
Belgium,2024.0,SPO-BETN027_00001_100,BETN027,5.60666,51.13372,48.0,rural,background,STA-BETN027
Belgium,2024.0,SPO-BETN029_00001_100,BETN029,2.58232,51.01628,2.0,rural,background,STA-BETN029
Belgium,2024.0,SPO-BETN035_00001_100,BETN035,4.83762,50.97758,55.0,rural,background,STA-BETN035
Belgium,2024.0,SPO-BETN040_00007_100,BETN040,4.22519,50.76814,20.0,rural,background,STA-BETN040
Belgium,2024.0,SPO-BETN046_00001_100,BETN046,5.61887,50.8823,70.0,rural,background,STA-BETN046
Belgium,2024.0,SPO-BETN051_00001_100,BETN051,3.93029,50.79892,16.0,rural,background,STA-BETN051
Belgium,2024.0,SPO-BETN052_00001_100,BETN052,3.32249,50.81487,27.0,suburban,background,STA-BETN052
Belgium,2024.0,SPO-BETN054_00001_100,BETN054,5.10316,50.71171,135.0,rural,background,STA-BETN054
Belgium,2024.0,SPO-BETR010_00001_100,BETR010,4.42843,50.86511,68.0,suburban,background,STA-BETR010
Belgium,2024.0,SPO-BETR020_00001_100,BETR020,4.43672,50.94139,12.0,suburban,background,STA-BETR020
Belgium,2024.0,SPO-BETR701_00001_100,BETR701,3.7293,51.05833,5.0,urban,background,STA-BETR701
Belgium,2024.0,SPO-BETR702_00005_100,BETR702,3.73483,51.04075,8.0,urban,traffic,STA-BETR702
Belgium,2024.0,SPO-BETR710_00001_100,BETR710,3.77526,51.06128,6.0,suburban,background,STA-BETR710
Belgium,2024.0,SPO-BETR721_00001_100,BETR721,3.71612,51.08896,8.0,suburban,industrial,STA-BETR721
Belgium,2024.0,SPO-BETR731_00001_100,BETR731,3.7395,51.12469,6.0,rural,industrial,STA-BETR731
Belgium,2024.0,SPO-BETR740_00001_100,BETR740,3.80874,51.15014,5.0,rural,industrial,STA-BETR740
Belgium,2024.0,SPO-BETR750_00001_100,BETR750,3.82292,51.19606,6.0,rural,industrial,STA-BETR750
Belgium,2024.0,SPO-BETR801_00001_100,BETR801,4.43182,51.20966,6.0,urban,background,STA-BETR801
Belgium,2024.0,SPO-BETR802_00005_100,BETR802,4.43166,51.20944,6.0,urban,traffic,STA-BETR802
Belgium,2024.0,SPO-BETR803_00005_100,BETR803,4.42848,51.22864,0.0,urban,background,STA-BETR803
Belgium,2024.0,SPO-BETR805_00005_100,BETR805,4.42154,51.20825,6.0,urban,traffic,STA-BETR805
Belgium,2024.0,SPO-BETR811_00001_100,BETR811,4.49136,51.2521,8.0,suburban,background,STA-BETR811
Belgium,2024.0,SPO-BETR817_00005_100,BETR817,4.41796,51.17719,6.0,suburban,background,STA-BETR817
Belgium,2024.0,SPO-BETR820_00001_100,BETR820,4.44481,51.32042,11.0,suburban,background,STA-BETR820
Belgium,2024.0,SPO-BETR823_00001_100,BETR823,4.24049,51.21324,0.0,suburban,background,STA-BETR823
Belgium,2024.0,SPO-BETR830_00001_100,BETR830,4.26263,51.31823,5.0,rural,industrial,STA-BETR830
Belgium,2024.0,SPO-BETR831_00001_100,BETR831,4.33971,51.3488,3.0,rural,industrial,STA-BETR831
Belgium,2024.0,SPO-BETR834_00005_100,BETR834,4.38015,51.09195,0.0,suburban,background,STA-BETR834
Belgium,2024.0,SPO-BETR892_00001_100,BETR892,4.27889,51.26304,9.0,rural,industrial,STA-BETR892
Belgium,2024.0,SPO-BETR893_00001_100,BETR893,4.38577,51.28138,6.0,suburban,industrial,STA-BETR893
Belgium,2024.0,SPO-BETR897_00001_100,BETR897,4.3421,51.25011,5.0,suburban,industrial,STA-BETR897
Belgium,2024.0,SPO-BETN060_00001_100,BETN060,3.45762,50.61672,0.0,rural,background,STA-BETN060
Belgium,2024.0,SPO-BETN063_00001_100,BETN063,4.66829,50.65544,145.0,rural,background,STA-BETN063
Belgium,2024.0,SPO-BETN066_00001_100,BETN066,6.00233,50.62886,295.0,rural,background,STA-BETN066
Belgium,2024.0,SPO-BETN070_00001_100,BETN070,3.93971,50.46519,30.0,suburban,background,STA-BETN070
Belgium,2024.0,SPO-BETN073_00001_100,BETN073,4.98842,50.50272,160.0,rural,background,STA-BETN073
Belgium,2024.0,SPO-BETN085_00001_100,BETN085,6.00174,50.30321,490.0,rural,background,STA-BETN085
Belgium,2024.0,SPO-BETN093_00001_100,BETN093,5.23517,50.27448,265.0,rural,background,STA-BETN093
Belgium,2024.0,SPO-BETN100_00001_100,BETN100,4.59476,50.09568,225.0,rural,background,STA-BETN100
Belgium,2024.0,SPO-BETN113_00001_100,BETN113,5.59302,50.02703,510.0,rural,background,STA-BETN113
Belgium,2024.0,SPO-BETN121_00001_100,BETN121,5.20239,49.87713,430.0,rural,background,STA-BETN121
Belgium,2024.0,SPO-BETN132_00001_100,BETN132,5.6304,49.71928,375.0,rural,background,STA-BETN132
Belgium,2024.0,SPO-BETR221_00001_100,BETR221,5.62784,50.65844,65.0,urban,background,STA-BETR221
Belgium,2024.0,SPO-BETR222_00001_100,BETR222,5.57022,50.61341,65.0,suburban,background,STA-BETR222
Belgium,2024.0,SPO-BETR223_00001_100,BETR223,5.5164,50.62067,50.0,suburban,industrial,STA-BETR223
Belgium,2024.0,SPO-BETR240_00001_100,BETR240,5.39745,50.58361,135.0,suburban,industrial,STA-BETR240
Belgium,2024.0,SPO-BETR501_00001_100,BETR501,4.45217,50.40931,115.0,urban,background,STA-BETR501
Belgium,2024.0,SPO-BETR502_00001_100,BETR502,4.45868,50.429,135.0,suburban,background,STA-BETR502
Belgium,2024.0,SPO-BETR512_00001_100,BETR512,4.3959,50.40781,107.0,suburban,industrial,STA-BETR512
Bulgaria,2023.0,SPO-BG0013A_00001_500,BG0013A,27.58724,43.22304,20.0,urban,background,STA-BG0013A
Bulgaria,2023.0,SPO-BG0026A_00001_501,BG0026A,25.87541,42.14648,136.0,urban,industrial,STA-BG0026A
Bulgaria,2023.0,SPO-BG0040A_00001_500,BG0040A,23.31097,42.73229,534.0,urban,background,STA-BG0040A
Bulgaria,2023.0,SPO-BG0041A_00001_500,BG0041A,25.59345,42.05638,103.0,urban,background,STA-BG0041A
Bulgaria,2023.0,SPO-BG0043A_00001_500,BG0043A,23.55741,43.20798,363.0,urban,background,STA-BG0043A
Bulgaria,2023.0,SPO-BG0044A_00001_500,BG0044A,27.37514,42.51889,6.0,urban,industrial,STA-BG0044A
Bulgaria,2023.0,SPO-BG0045A_00001_500,BG0045A,25.96409,43.85137,41.0,urban,background,STA-BG0045A
Bulgaria,2023.0,SPO-BG0050A_00001_500,BG0050A,23.29679,42.68056,581.0,urban,background,STA-BG0050A
Bulgaria,2023.0,SPO-BG0051A_00001_500,BG0051A,24.76524,42.14289,166.0,urban,background,STA-BG0051A
Bulgaria,2023.0,SPO-BG0052A_00001_500,BG0052A,23.40016,42.66651,548.0,urban,background,STA-BG0052A
Bulgaria,2023.0,SPO-BG0053R_00001_100,BG0053R,24.73808,41.69434,1720.0,rural-remote,background,STA-BG0053R
Bulgaria,2023.0,SPO-BG0055A_00001_100,BG0055A,25.63739,42.43236,208.0,urban,traffic,STA-BG0055A
Bulgaria,2023.0,SPO-BG0056A_00001_100,BG0056A,27.42097,42.45662,51.0,urban,background,STA-BG0056A
Bulgaria,2023.0,SPO-BG0057A_00001_100,BG0057A,25.69121,43.12647,172.0,urban,background,STA-BG0057A
Bulgaria,2023.0,SPO-BG0058A_00001_100,BG0058A,23.09782,42.00193,414.0,urban,background,STA-BG0058A
Bulgaria,2023.0,SPO-BG0070A_00001_100,BG0070A,23.24386,42.63719,1321.0,rural-nearcity,background,STA-BG0070A
Bulgaria,2023.0,SPO-BG0071A_00001_100,BG0071A,27.72096,42.65976,27.0,urban,background,STA-BG0071A
Bulgaria,2023.0,SPO-BG0073A_00001_100,BG0073A,23.2684,42.6698,615.0,urban,traffic,STA-BG0073A
Bulgaria,2023.0,SPO-BG0075A_00001_100,BG0075A,27.91573,43.22439,83.0,urban,background,STA-BG0075A
Bulgaria,2023.0,SPO-BG0078A_00001_100,BG0078A,24.78795,42.14119,0.0,urban,traffic,STA-BG0078A
Bulgaria,2023.0,SPO-BG0079A_00001_100,BG0079A,23.38327,42.65549,0.0,urban,traffic,STA-BG0079A
Bulgaria,2023.0,SPO-BG0080A_00001_500,BG0080A,23.03219,42.61033,0.0,urban,background,STA-BG0080A
Bulgaria,2023.0,SPO-BG0083A_00001_100,BG0083A,27.93596,43.21728,51.0,urban,background,STA-BG0083A
Switzerland,2023.0,SPO-CH0017A_00001_100,CH0017A,7.58208,47.5659,260.0,urban,background,STA-CH0017A
Switzerland,2023.0,SPO-CH0029A_00001_100,CH0029A,7.59471,47.567,255.0,urban,traffic,STA-CH0029A
Switzerland,2023.0,SPO-CH0002R_00001_100,CH0002R,6.94448,46.8131,489.0,rural,background,STA-CH0002R
Switzerland,2023.0,SPO-CH0003R_00001_100,CH0003R,8.90468,47.4798,538.0,rural,background,STA-CH0003R
Switzerland,2023.0,SPO-CH0004R_00001_100,CH0004R,6.97915,47.0495,1136.0,rural,background,STA-CH0004R
Switzerland,2023.0,SPO-CH0005A_00001_502,CH0005A,8.6134,47.4029,432.0,suburban,background,STA-CH0005A
Switzerland,2023.0,SPO-CH0005R_00001_100,CH0005R,8.46333,47.0674,1031.0,rural,background,STA-CH0005R
Switzerland,2023.0,SPO-CH0008A_00001_500,CH0008A,7.58328,47.5411,316.0,suburban,background,STA-CH0008A
Switzerland,2023.0,SPO-CH0010A_00001_500,CH0010A,8.53041,47.3776,409.0,urban,background,STA-CH0010A
Switzerland,2023.0,SPO-CH0011A_00001_500,CH0011A,8.9571,46.0111,280.0,urban,background,STA-CH0011A
Switzerland,2023.0,SPO-CH0028A_00001_100,CH0028A,6.63963,46.522,530.0,urban,traffic,STA-CH0028A
Switzerland,2023.0,SPO-CH0031A_00001_100,CH0031A,7.44087,46.951,536.0,urban,traffic,STA-CH0031A
Switzerland,2023.0,SPO-CH0033A_00001_102,CH0033A,8.93394,46.1603,203.0,rural,background,STA-CH0033A
Switzerland,2023.0,SPO-CH0053R_00005_100,CH0053R,8.17544,47.1896,797.0,rural,background,STA-CH0053R
Switzerland,2023.0,SPO-CH0054A_00005_100,CH0054A,7.46252,46.9631,554.0,urban,background,STA-CH0054A
Switzerland,2023.0,SPO-CH0041A_00001_100,CH0041A,7.47872,46.9764,550.0,suburban,background,STA-CH0041A
Switzerland,2023.0,SPO-CH0024A_00001_100,CH0024A,7.14833,46.139,460.0,rural,background,STA-CH0024A
Switzerland,2023.0,SPO-CH0043A_00005_100,CH0043A,8.96729,46.0255,305.0,suburban,background,STA-CH0043A
Switzerland,2023.0,SPO-CH0061A_00005_100,CH0061A,6.6223,46.5358,598.0,urban,background,STA-CH0061A
Switzerland,2023.0,SPO-CH0046A_00001_100,CH0046A,6.21125,46.1956,422.0,suburban,traffic,STA-CH0046A
Switzerland,2023.0,SPO-CH0050A_00001_100,CH0050A,6.07417,46.2311,439.0,suburban,background,STA-CH0050A
Switzerland,2023.0,SPO-CH0051A_00001_100,CH0051A,6.00518,46.1626,427.0,rural,background,STA-CH0051A
Switzerland,2023.0,SPO-CH0055A_00001_100,CH0055A,6.14113,46.2078,383.0,urban,background,STA-CH0055A
Switzerland,2023.0,SPO-CH0013A_00001_100,CH0013A,8.53981,47.3868,445.0,urban,traffic,STA-CH0013A
Switzerland,2023.0,SPO-CH0019A_00005_100,CH0019A,9.39438,47.4067,915.0,rural,background,STA-CH0019A
Switzerland,2023.0,SPO-CH0021A_00001_100,CH0021A,8.52354,47.3709,415.0,urban,traffic,STA-CH0021A
Switzerland,2023.0,SPO-CH0044A_00005_100,CH0044A,8.57012,47.4387,430.0,suburban,traffic,STA-CH0044A
Switzerland,2023.0,SPO-CH0022A_00005_100,CH0022A,8.30068,47.0677,484.0,suburban,background,STA-CH0022A
Switzerland,2023.0,SPO-CH0056A_00005_100,CH0056A,8.30439,47.0458,441.0,urban,traffic,STA-CH0056A
Cyprus,2023.0,SPO-CY0002R_00001_100,CY0002R,33.05779,35.03802,532.0,rural-regional,background,STA-CY0002R
Cyprus,2023.0,SPO-CY0004A_00001_100,CY0004A,33.34778,35.15194,175.0,urban,traffic,STA-CY0004A
Cyprus,2023.0,SPO-CY0006A_00001_100,CY0006A,33.33167,35.12694,208.0,suburban,background,STA-CY0006A
Denmark,2023.0,SPO-DK0003R_00001_100,DK0031R,8.4274,56.2904,37.0,rural,background,STA-DK0031R
Denmark,2023.0,SPO-DK0031R_00001_100,DK0031R,8.4274,56.2904,37.0,rural,background,STA-DK0031R
Denmark,2023.0,SPO-DK0012R_00001_100,DK0012R,12.0889,55.6942,3.0,rural-regional,background,STA-DK0012R
Denmark,2023.0,SPO-DK0030A_00001_100,DK0030A,12.55334,55.69833,5.0,urban,traffic,STA-DK0030A
Denmark,2023.0,SPO-DK0034A_00001_100,DK0034A,12.5711,55.6743,5.0,urban,traffic,STA-DK0034A
Denmark,2023.0,SPO-DK0045A_00005_103,DK0045A,12.5614,55.70028,25.0,urban,background,STA-DK0045A
Denmark,2023.0,SPO-DK0046A_00005_101,DK0046A,10.38917,55.39639,25.0,urban,background,STA-DK0046A
Denmark,2023.0,SPO-DK0051A_00005_101,DK0051A,10.20084,56.15056,10.0,urban,traffic,STA-DK0051A
Denmark,2023.0,SPO-DK0053A_00005_101,DK0053A,9.93085,57.04667,30.0,urban,background,STA-DK0053A
Denmark,2023.0,SPO-DK0054A_00005_100,DK0054A,10.71552,54.75447,10.0,rural-regional,background,STA-DK0054A
Denmark,2023.0,SPO-DK0056A_00007_100,DK0056A,10.19364,56.15976,21.0,urban,background,STA-DK0056A
Denmark,2023.0,SPO-DK0057A_00008_100,DK0057A,12.4633,55.632,5.0,suburban,background,STA-DK0057A
Denmark,2023.0,SPO-DK0058A_00005_100,DK0058A,10.3669,55.398,10.0,urban,traffic,STA-DK0058A
Estonia,2024.0,SPO-EE0009R_00001_501,EE0009R,25.93057,59.49445,32.0,rural,background,STA-EE0009R
Estonia,2024.0,SPO-EE0011R_00001_500,EE0011R,21.84501,58.37611,6.0,rural,background,STA-EE0011R
Estonia,2024.0,SPO-EE0015A_00001_500,EE0015A,24.69862,59.45694,9.0,urban,industrial,STA-EE0015A
Estonia,2024.0,SPO-EE0016A_00001_100,EE0016A,26.7589,58.70278,50.0,rural,background,STA-EE0016A
Estonia,2024.0,SPO-EE0018A_00001_100,EE0018A,24.64946,59.41417,6.0,urban,background,STA-EE0018A
Estonia,2024.0,SPO-EE0019A_00001_100,EE0019A,27.27862,59.40973,60.0,urban,industrial,STA-EE0019A
Estonia,2024.0,SPO-EE0020A_00001_100,EE0020A,24.76056,59.43111,5.0,urban,traffic,STA-EE0020A
Estonia,2024.0,SPO-EE0021A_00001_100,EE0021A,26.73472,58.37056,41.0,urban,background,STA-EE0021A
Estonia,2024.0,SPO-EE0022A_00001_100,EE0022A,28.17917,59.37616,25.0,urban,background,STA-EE0022A
Finland,2023.0,SPO-FI00621_00007_100,FI00621,24.28333,61.86111,170.0,rural-remote,background,STA-FI00621
Finland,2023.0,SPO-FI00893_00001_100,FI00893,27.6754,60.53002,4.0,rural,background,STA-FI00893
Finland,2023.0,SPO-FI00549_00005_100,FI00549,23.73569,61.49873,120.0,urban,traffic,STA-FI00549
Finland,2023.0,SPO-FI00841_00005_100,FI00841,24.81133,60.22024,9.0,urban,traffic,STA-FI00841
Finland,2023.0,SPO-FI00431_00005_100,FI00431,25.71114,62.28991,143.0,suburban,background,STA-FI00431
Finland,2023.0,SPO-FI00460_00007_100,FI00460,22.09611,60.42532,6.0,rural,background,STA-FI00460
Finland,2023.0,SPO-FI00363_00005_100,FI00363,27.66952,62.8936,112.0,urban,background,STA-FI00363
Finland,2023.0,SPO-FI00558_00005_100,FI00558,27.68688,62.89334,87.0,urban,traffic,STA-FI00558
Finland,2023.0,SPO-FI00839_00005_100,FI00839,27.66193,62.88198,107.0,urban,traffic,STA-FI00839
Finland,2023.0,SPO-FI00928_00005_100,FI00928,21.81329,61.48226,2.0,urban,traffic,STA-FI00928
France,2024.0,SPO-FR04002_1,FR04002,2.29435,48.93032,28.0,urban,background,STA-FR04002
France,2024.0,SPO-FR04004_20,FR04004,2.34667,48.89167,60.0,urban,background,STA-FR04004
France,2024.0,SPO-FR04012_10,FR04012,2.3275,48.82778,66.0,urban,traffic,STA-FR04012
France,2024.0,SPO-FR04014_38,FR04014,2.3939,48.83722,40.0,urban,background,STA-FR04014
France,2024.0,SPO-FR04017_1,FR04017,2.27806,48.88139,36.0,urban,background,STA-FR04017
France,2024.0,SPO-FR04018_1,FR04018,2.3847,48.9039,42.0,urban,background,STA-FR04018
France,2024.0,SPO-FR04024_38,FR04024,2.44472,48.99083,65.0,suburban,background,STA-FR04024
France,2024.0,SPO-FR04029_38,FR04029,2.13056,48.79917,125.0,suburban,background,STA-FR04029
France,2024.0,SPO-FR04031_38,FR04031,2.31123,48.86877,34.0,urban,traffic,STA-FR04031
France,2024.0,SPO-FR04034_1,FR04034,2.37579,48.7759,95.0,urban,background,STA-FR04034
France,2024.0,SPO-FR04037_38,FR04037,2.36028,48.82861,57.0,urban,background,STA-FR04037
France,2024.0,SPO-FR04038_38,FR04038,1.88333,48.58194,152.0,rural-regional,background,STA-FR04038
France,2024.0,SPO-FR04051_38,FR04051,2.22361,48.95139,56.0,urban,background,STA-FR04051
France,2024.0,SPO-FR04058_10,FR04058,2.35667,48.92528,35.0,urban,traffic,STA-FR04058
France,2024.0,SPO-FR04059_38,FR04059,2.36167,48.93722,31.0,urban,background,STA-FR04059
France,2024.0,SPO-FR04060_38,FR04060,2.2933,48.8572,31.0,urban,background,STA-FR04060
France,2024.0,SPO-FR04063_38,FR04063,1.7033,48.9964,32.0,suburban,background,STA-FR04063
France,2024.0,SPO-FR04069_38,FR04069,2.66139,48.54139,56.0,suburban,background,STA-FR04069
France,2024.0,SPO-FR04071_20,FR04071,2.33528,48.85639,32.0,urban,traffic,STA-FR04071
France,2024.0,SPO-FR04098_38,FR04098,2.63528,48.84028,80.0,urban,background,STA-FR04098
France,2024.0,SPO-FR04100_38,FR04100,2.50722,48.88195,85.0,urban,background,STA-FR04100
France,2024.0,SPO-FR04101_38,FR04101,2.5175,48.81639,74.0,urban,background,STA-FR04101
France,2024.0,SPO-FR04118_20,FR04118,2.3325,48.87027,45.0,urban,traffic,STA-FR04118
France,2024.0,SPO-FR04122_20,FR04122,2.65361,48.52806,48.0,suburban,traffic,STA-FR04122
France,2024.0,SPO-FR04123_20,FR04123,2.39083,48.90222,44.0,urban,traffic,STA-FR04123
France,2024.0,SPO-FR04131_20,FR04131,2.33028,48.87333,42.0,urban,traffic,STA-FR04131
France,2024.0,SPO-FR04135_38,FR04135,2.40806,48.83796,44.0,urban,traffic,STA-FR04135
France,2024.0,SPO-FR04141_38,FR04141,2.36056,48.85278,35.0,urban,traffic,STA-FR04141
France,2024.0,SPO-FR04149_38,FR04149,2.4572,48.7067,68.0,urban,background,STA-FR04149
France,2024.0,SPO-FR04150_38,FR04150,2.24056,48.89139,58.0,urban,background,STA-FR04150
France,2024.0,SPO-FR04156_38,FR04156,2.4525,48.9025,51.0,urban,background,STA-FR04156
France,2024.0,SPO-FR04179_38,FR04179,2.26989,48.83039,32.0,urban,background,STA-FR04179
France,2024.0,SPO-FR04180_38,FR04180,2.26872,48.64093,81.0,suburban,traffic,STA-FR04180
France,2024.0,SPO-FR04319_38,FR04319,2.57528,48.95555,65.0,suburban,background,STA-FR04319
France,2024.0,SPO-FR04323_38,FR04323,2.42917,48.62722,81.0,urban,background,STA-FR04323
France,2024.0,SPO-FR04328_1,FR04328,2.6453,48.3547,127.0,rural-regional,background,STA-FR04328
France,2024.0,SPO-FR23001_1,FR23001,-2.08157,47.3241,10.0,suburban,industrial,STA-FR23001
France,2024.0,SPO-FR23068_1,FR23068,-1.93662,47.24747,25.0,rural-nearcity,industrial,STA-FR23068
France,2024.0,SPO-FR23070_1,FR23070,-1.78316,47.28318,62.0,suburban,industrial,STA-FR23070
France,2024.0,SPO-FR23075_38,FR23075,-2.19076,47.31573,8.0,suburban,industrial,STA-FR23075
France,2024.0,SPO-FR23078_38,FR23078,-0.88611,47.05444,100.0,urban,background,STA-FR23078
France,2024.0,SPO-FR23107_38,FR23107,-1.57333,47.25278,20.0,urban,background,STA-FR23107
France,2024.0,SPO-FR23110_38,FR23110,-2.24986,47.26412,10.0,urban,background,STA-FR23110
France,2024.0,SPO-FR23120_20,FR23120,-0.55605,47.46851,30.0,urban,background,STA-FR23120
France,2024.0,SPO-FR23123_38,FR23123,-0.76769,48.06943,51.0,urban,background,STA-FR23123
France,2019.0,SPO-FR23124_20,FR23124,-0.74368,46.65668,100.0,rural-remote,background,STA-FR23124
France,2024.0,SPO-FR23150_38,FR23150,-0.55007,47.44739,30.0,urban,background,STA-FR23150
France,2024.0,SPO-FR23152_38,FR23152,-1.43683,46.6607,50.0,urban,background,STA-FR23152
France,2024.0,SPO-FR23153_1,FR23153,-2.15163,47.33152,4.0,suburban,industrial,STA-FR23153
France,2024.0,SPO-FR23174_38,FR23174,0.19598,47.98892,50.0,urban,background,STA-FR23174
France,2024.0,SPO-FR23177_38,FR23177,-0.44404,47.78773,54.0,rural-regional,background,STA-FR23177
France,2024.0,SPO-FR23181_1,FR23181,-2.22306,47.27306,10.0,urban,background,STA-FR23181
France,2024.0,SPO-FR23188_38,FR23188,-1.5375,47.2225,20.0,urban,background,STA-FR23188
France,2024.0,SPO-FR23238_1,FR23238,-1.58168,47.19415,10.0,urban,industrial,STA-FR23238
France,2024.0,SPO-FR23239_1,FR23239,-1.5915,47.18592,21.0,urban,industrial,STA-FR23239
France,2024.0,SPO-FR09003_20,FR09003,-1.15368,46.16265,10.0,urban,background,STA-FR09003
France,2024.0,SPO-FR09015_38,FR09015,0.35846,46.58696,119.0,urban,background,STA-FR09015
France,2024.0,SPO-FR09016_1,FR09016,0.09972,45.60882,51.0,suburban,background,STA-FR09016
France,2024.0,SPO-FR09017_1,FR09017,-0.32336,45.69473,29.0,urban,background,STA-FR09017
France,2024.0,SPO-FR09019_20,FR09019,-0.45889,46.32959,48.0,urban,background,STA-FR09019
France,2024.0,SPO-FR09103_20,FR09103,0.16716,45.64743,83.0,urban,background,STA-FR09103
France,2024.0,SPO-FR09106_20,FR09106,0.16239,45.65146,64.0,urban,traffic,STA-FR09106
France,2024.0,SPO-FR09301_1,FR09301,-0.13546,46.82437,120.0,suburban,industrial,STA-FR09301
France,2024.0,SPO-FR09399_20,FR09399,-0.46643,46.32198,28.0,urban,traffic,STA-FR09399
France,2024.0,SPO-FR09403_38,FR09403,0.34039,46.59123,77.0,urban,traffic,STA-FR09403
France,2024.0,SPO-FR09404_10,FR09404,0.34558,46.584,110.0,urban,background,STA-FR09404
France,2024.0,SPO-FR31001_1,FR31001,-0.58037,44.86121,3.0,urban,background,STA-FR31001
France,2024.0,SPO-FR31002_38,FR31002,-0.5894,44.80046,20.0,urban,background,STA-FR31002
France,2024.0,SPO-FR31003_38,FR31003,-0.545,44.84965,3.0,urban,traffic,STA-FR31003
France,2024.0,SPO-FR31006_38,FR31006,-0.65107,44.84137,36.0,urban,traffic,STA-FR31006
France,2024.0,SPO-FR31007_1,FR31007,-0.51584,44.90029,36.0,urban,industrial,STA-FR31007
France,2024.0,SPO-FR31010_1,FR31010,-0.53394,45.01478,3.0,suburban,industrial,STA-FR31010
France,2024.0,SPO-FR31013_1,FR31013,-0.39154,43.3108,197.0,urban,background,STA-FR31013
France,2024.0,SPO-FR31014_1,FR31014,-0.32278,43.30778,227.0,urban,background,STA-FR31014
France,2024.0,SPO-FR31016_1,FR31016,-1.48916,43.47982,35.0,urban,background,STA-FR31016
France,2024.0,SPO-FR31017_10,FR31017,-1.52875,43.49404,40.0,urban,traffic,STA-FR31017
France,2024.0,SPO-FR31020_1,FR31020,-0.61773,43.41123,107.0,rural-nearcity,industrial,STA-FR31020
France,2024.0,SPO-FR31021_1,FR31021,-0.53821,43.37628,123.0,rural-nearcity,industrial,STA-FR31021
France,2024.0,SPO-FR31024_1,FR31024,-0.61028,43.37719,106.0,rural-nearcity,industrial,STA-FR31024
France,2024.0,SPO-FR31032_38,FR31032,0.62389,44.19222,50.0,urban,background,STA-FR31032
France,2024.0,SPO-FR31033_38,FR31033,0.72718,45.18982,142.0,urban,background,STA-FR31033
France,2024.0,SPO-FR31036_38,FR31036,-1.03856,43.70464,14.0,urban,background,STA-FR31036
France,2024.0,SPO-FR31039_38,FR31039,-0.35212,43.31109,218.0,urban,traffic,STA-FR31039
France,2024.0,SPO-FR31040_38,FR31040,0.1427,44.50878,17.0,suburban,traffic,STA-FR31040
France,2024.0,SPO-FR31041_38,FR31041,-0.4914,43.8961,46.0,urban,traffic,STA-FR31041
France,2024.0,SPO-FR31043_38,FR31043,-1.55388,43.47024,70.0,suburban,background,STA-FR31043
France,2024.0,SPO-FR31045_20,FR31045,-0.59853,44.83382,15.0,urban,traffic,STA-FR31045
France,2024.0,SPO-FR35002_1,FR35002,0.89843,45.88485,227.0,urban,background,STA-FR35002
France,2024.0,SPO-FR35003_1,FR35003,1.25688,45.8311,288.0,urban,background,STA-FR35003
France,2020.0,SPO-FR35004_1,FR35004,1.53722,45.15875,121.0,urban,background,STA-FR35004
France,2024.0,SPO-FR35005_10,FR35005,1.87302,46.17362,437.0,urban,background,STA-FR35005
France,2024.0,SPO-FR35006_38,FR35006,1.76275,45.26267,264.0,urban,background,STA-FR35006
France,2024.0,SPO-FR35010_10,FR35010,1.25477,45.82997,246.0,urban,traffic,STA-FR35010
France,2024.0,SPO-FR35019_1,FR35019,0.82395,45.87583,187.0,rural-nearcity,industrial,STA-FR35019
France,2024.0,SPO-FR34029_38,FR34029,1.94467,47.83775,109.0,urban,background,STA-FR34029
France,2024.0,SPO-FR34038_1045,FR34038,2.61007,46.81469,182.0,rural-remote,background,STA-FR34038
France,2024.0,SPO-FR34057_10,FR34057,2.00326,46.94294,147.0,urban,traffic,STA-FR34057
France,2024.0,SPO-FR34061_38,FR34061,1.30267,47.59426,118.0,urban,background,STA-FR34061
France,2024.0,SPO-FR41001_1,FR41001,8.73569,41.92469,39.0,urban,background,STA-FR41001
France,2024.0,SPO-FR41002_1,FR41002,9.44642,42.69792,60.0,urban,background,STA-FR41002
France,2024.0,SPO-FR41003_1,FR41003,8.82028,41.95803,30.0,suburban,industrial,STA-FR41003
France,2024.0,SPO-FR41004_1,FR41004,9.47597,42.53583,15.0,suburban,industrial,STA-FR41004
France,2024.0,SPO-FR41007_38,FR41007,8.75758,41.94922,60.0,suburban,background,STA-FR41007
France,2024.0,SPO-FR41017_38,FR41017,9.43464,42.67133,15.0,suburban,background,STA-FR41017
France,2024.0,SPO-FR41020_20,FR41020,9.45172,42.70008,5.0,urban,traffic,STA-FR41020
France,2024.0,SPO-FR41024_38,FR41024,9.19003,42.23603,653.0,rural-regional,background,STA-FR41024
France,2024.0,SPO-FR41059_1,FR41059,8.73828,41.92575,8.0,urban,traffic,STA-FR41059
France,2024.0,SPO-FR41060_1,FR41060,9.44639,42.70283,15.0,urban,traffic,STA-FR41060
France,2024.0,SPO-FR08003_38,FR08003,3.86626,43.6113,42.0,urban,background,STA-FR08003
France,2024.0,SPO-FR08004_38,FR08004,3.87464,43.6051,55.0,urban,traffic,STA-FR08004
France,2024.0,SPO-FR08020_38,FR08020,4.08838,43.6758,15.0,suburban,industrial,STA-FR08020
France,2024.0,SPO-FR08022_38,FR08022,3.50484,43.2875,19.0,suburban,background,STA-FR08022
France,2024.0,SPO-FR08030_20,FR08030,3.89878,43.6096,17.0,urban,traffic,STA-FR08030
France,2024.0,SPO-FR08204_1,FR08204,4.64295,43.8292,13.0,rural-nearcity,industrial,STA-FR08204
France,2024.0,SPO-FR08614_20,FR08614,4.3744,43.8344,42.0,urban,background,STA-FR08614
France,2024.0,SPO-FR08616_38,FR08616,4.36199,43.8299,40.0,urban,traffic,STA-FR08616
France,2024.0,SPO-FR08617_38,FR08617,4.26581,43.9254,76.0,suburban,background,STA-FR08617
France,2024.0,SPO-FR08713_38,FR08713,2.90351,42.6835,55.0,urban,background,STA-FR08713
France,2024.0,SPO-FR08714_38,FR08714,2.90053,42.6955,48.0,urban,background,STA-FR08714
France,2024.0,SPO-FR12004_38,FR12004,1.41806,43.57569,144.0,urban,background,STA-FR12004
France,2024.0,SPO-FR12020_10,FR12020,0.17907,43.6287,230.0,rural-remote,background,STA-FR12020
France,2024.0,SPO-FR12026_1,FR12026,2.1459,43.92777,181.0,urban,background,STA-FR12026
France,2024.0,SPO-FR12030_1,FR12030,1.444,43.58735,146.0,urban,background,STA-FR12030
France,2024.0,SPO-FR12042_38,FR12042,-0.0405,43.09625,403.0,urban,background,STA-FR12042
France,2024.0,SPO-FR12045_10,FR12045,-0.05239,43.09499,385.0,urban,traffic,STA-FR12045
France,2024.0,SPO-FR12052_1,FR12052,0.06234,43.2303,312.0,urban,background,STA-FR12052
France,2024.0,SPO-FR12053_38,FR12053,2.23015,43.6105,183.0,urban,background,STA-FR12053
France,2024.0,SPO-FR12085_20,FR12085,1.4152,43.61039,147.0,urban,traffic,STA-FR12085
France,2024.0,SPO-FR05078_1,FR05078,0.14271,49.4983,3.0,urban,background,STA-FR05078
France,2024.0,SPO-FR05083_1,FR05083,0.23249,49.50273,80.0,urban,industrial,STA-FR05083
France,2024.0,SPO-FR05084_1,FR05084,0.57185,49.49333,35.0,urban,industrial,STA-FR05084
France,2024.0,SPO-FR05087_1,FR05087,0.75883,49.49829,10.0,rural-regional,background,STA-FR05087
France,2024.0,SPO-FR05089_10,FR05089,0.1109,49.50019,60.0,urban,traffic,STA-FR05089
France,2024.0,SPO-FR05090_1,FR05090,0.10065,49.51469,92.0,urban,background,STA-FR05090
France,2024.0,SPO-FR21001_20,FR21001,-0.39111,49.19222,56.0,urban,background,STA-FR21001
France,2024.0,SPO-FR21016_10,FR21016,-0.35356,49.17508,8.0,urban,traffic,STA-FR21016
France,2024.0,SPO-FR21019_38,FR21019,-0.35278,49.15167,22.0,urban,background,STA-FR21019
France,2024.0,SPO-FR21021_38,FR21021,0.22722,49.14722,56.0,urban,background,STA-FR21021
France,2024.0,SPO-FR21031_20,FR21031,0.11083,48.44555,140.0,suburban,background,STA-FR21031
France,2024.0,SPO-FR21040_20,FR21040,-1.08472,49.11639,56.0,urban,background,STA-FR21040
France,2024.0,SPO-FR21060_38,FR21060,-0.16967,49.11719,28.0,urban,traffic,STA-FR21060
France,2024.0,SPO-FR21501_8,FR21501,-0.31905,49.1783,5.0,urban,traffic,STA-FR21501
France,2024.0,SPO-FR25036_1,FR25036,1.09379,49.44236,17.0,urban,background,STA-FR25036
France,2024.0,SPO-FR25039_1,FR25039,1.14832,49.02134,65.0,urban,background,STA-FR25039
France,2024.0,SPO-FR25043_1,FR25043,1.09904,49.4005,11.0,urban,background,STA-FR25043
France,2024.0,SPO-FR25048_1,FR25048,1.05803,49.42815,9.0,urban,background,STA-FR25048
France,2024.0,SPO-FR25051_20,FR25051,1.07397,49.91801,45.0,urban,traffic,STA-FR25051
France,2024.0,SPO-FR25053_10,FR25053,1.09884,49.4367,9.0,urban,traffic,STA-FR25053
France,2024.0,SPO-FR02013_1,FR02013,4.93457,43.45893,4.0,suburban,industrial,STA-FR02013
France,2024.0,SPO-FR02019_1,FR02019,5.25414,43.44603,86.0,urban,industrial,STA-FR02019
France,2024.0,SPO-FR02043_1,FR02043,5.22228,43.41653,15.0,urban,background,STA-FR02043
France,2024.0,SPO-FR03070_38,FR03070,6.76839,43.43787,5.0,suburban,background,STA-FR03070
France,2024.0,SPO-FR03071_38,FR03071,5.92418,43.13111,26.0,urban,background,STA-FR03071
France,2024.0,SPO-FR07004_38,FR07004,3.11383,45.79728,340.0,urban,background,STA-FR07004
France,2024.0,SPO-FR07009_38,FR07009,3.0875,45.77217,390.0,urban,background,STA-FR07009
France,2024.0,SPO-FR07022_38,FR07022,3.60067,46.65267,235.0,rural-regional,background,STA-FR07022
France,2024.0,SPO-FR07048_38,FR07048,3.24925,46.65905,208.0,rural-nearcity,traffic,STA-FR07048
France,2024.0,SPO-FR07051_38,FR07051,3.155,45.769,344.0,suburban,industrial,STA-FR07051
France,2024.0,SPO-FR07052_38,FR07052,2.44108,44.92008,640.0,urban,background,STA-FR07052
France,2024.0,SPO-FR07053_38,FR07053,3.11159,45.78043,354.0,urban,traffic,STA-FR07053
France,2024.0,SPO-FR07054_38,FR07054,3.887,45.039,629.0,urban,background,STA-FR07054
France,2024.0,SPO-FR07057_38,FR07057,3.34064,46.56197,221.0,urban,background,STA-FR07057
France,2024.0,SPO-FR07058_38,FR07058,2.59395,46.34072,203.0,urban,background,STA-FR07058
France,2024.0,SPO-FR07059_38,FR07059,3.42569,46.13043,257.0,urban,background,STA-FR07059
France,2024.0,SPO-FR07060_38,FR07060,3.04611,45.76411,519.0,suburban,background,STA-FR07060
France,2024.0,SPO-FR15013_1,FR15013,5.72865,45.07954,267.0,suburban,background,STA-FR15013
France,2024.0,SPO-FR15018_38,FR15018,5.58942,45.36018,286.0,urban,background,STA-FR15018
France,2024.0,SPO-FR15038_1,FR15038,5.7531,45.1828,219.0,urban,background,STA-FR15038
France,2024.0,SPO-FR15039_10,FR15039,5.70376,45.15836,225.0,suburban,traffic,STA-FR15039
France,2024.0,SPO-FR15043_1,FR15043,5.7356,45.1619,219.0,urban,background,STA-FR15043
France,2024.0,SPO-FR15045_38,FR15045,5.6767,45.0578,310.0,suburban,background,STA-FR15045
France,2024.0,SPO-FR15048_38,FR15048,5.8822,45.2797,260.0,suburban,background,STA-FR15048
France,2024.0,SPO-FR20013_10,FR20013,4.81816,45.72002,163.0,suburban,traffic,STA-FR20013
France,2024.0,SPO-FR20017_1,FR20017,4.82979,45.73529,172.0,urban,background,STA-FR20017
France,2024.0,SPO-FR20019_38,FR20019,4.88621,45.75836,180.0,urban,traffic,STA-FR20019
France,2024.0,SPO-FR20031_1,FR20031,4.8644,45.7078,177.0,suburban,industrial,STA-FR20031
France,2024.0,SPO-FR20037_38,FR20037,4.8022,45.6019,235.0,suburban,background,STA-FR20037
France,2024.0,SPO-FR20045_38,FR20045,4.9803,45.7317,209.0,suburban,background,STA-FR20045
France,2024.0,SPO-FR20046_1,FR20046,4.9247,45.7789,172.0,urban,background,STA-FR20046
France,2024.0,SPO-FR20047_1,FR20047,4.95396,45.82322,180.0,suburban,background,STA-FR20047
France,2024.0,SPO-FR20048_38,FR20048,5.0722,45.7533,217.0,suburban,background,STA-FR20048
France,2024.0,SPO-FR20062_1,FR20062,4.85421,45.75773,160.0,urban,background,STA-FR20062
France,2024.0,SPO-FR20069_10,FR20069,4.89857,45.77482,170.0,urban,traffic,STA-FR20069
France,2024.0,SPO-FR20070_38,FR20070,4.84439,45.74969,167.0,urban,traffic,STA-FR20070
France,2024.0,SPO-FR20077_38,FR20077,4.71557,45.99011,184.0,urban,background,STA-FR20077
France,2024.0,SPO-FR27002_1,FR27002,4.80515,45.36782,157.0,urban,background,STA-FR27002
France,2024.0,SPO-FR27003_1,FR27003,4.76653,45.45452,152.0,suburban,industrial,STA-FR27003
France,2024.0,SPO-FR27007_38,FR27007,5.27087,45.60822,227.0,urban,background,STA-FR27007
France,2024.0,SPO-FR27010_38,FR27010,5.18108,45.4609,520.0,rural-nearcity,background,STA-FR27010
France,2024.0,SPO-FR29423_1,FR29423,4.07466,46.04111,259.0,urban,background,STA-FR29423
France,2024.0,SPO-FR29424_1,FR29424,4.39542,45.42009,552.0,urban,background,STA-FR29424
France,2024.0,SPO-FR29429_10,FR29429,4.62394,45.53342,259.0,suburban,traffic,STA-FR29429
France,2024.0,SPO-FR29439_38,FR29439,4.42967,45.48178,520.0,suburban,background,STA-FR29439
France,2024.0,SPO-FR29441_38,FR29441,4.38876,45.44798,498.0,urban,traffic,STA-FR29441
France,2024.0,SPO-FR33101_38,FR33101,5.92833,45.56472,280.0,urban,background,STA-FR33101
France,2024.0,SPO-FR33102_38,FR33102,5.91861,45.59667,383.0,urban,background,STA-FR33102
France,2024.0,SPO-FR33105_38,FR33105,5.93299,45.56943,277.0,urban,traffic,STA-FR33105
France,2024.0,SPO-FR33111_1,FR33111,6.34972,45.27472,555.0,urban,background,STA-FR33111
France,2024.0,SPO-FR33120_38,FR33120,6.87,45.9225,1038.0,urban,background,STA-FR33120
France,2024.0,SPO-FR33121_38,FR33121,6.38972,45.675,352.0,urban,background,STA-FR33121
France,2024.0,SPO-FR33201_38,FR33201,6.11833,45.89528,453.0,urban,background,STA-FR33201
France,2024.0,SPO-FR33202_38,FR33202,6.13556,45.91694,461.0,urban,background,STA-FR33202
France,2024.0,SPO-FR33203_38,FR33203,6.11825,45.9097,452.0,urban,traffic,STA-FR33203
France,2024.0,SPO-FR33211_38,FR33211,6.24056,46.19583,441.0,urban,background,STA-FR33211
France,2024.0,SPO-FR33212_38,FR33212,6.21486,46.19369,426.0,urban,background,STA-FR33212
France,2024.0,SPO-FR33213_38,FR33213,6.23554,46.19081,432.0,urban,traffic,STA-FR33213
France,2024.0,SPO-FR33220_1,FR33220,6.71361,45.92361,588.0,suburban,background,STA-FR33220
France,2024.0,SPO-FR33232_38,FR33232,6.84583,45.90722,1044.0,urban,traffic,STA-FR33232
France,2024.0,SPO-FR33302_1,FR33302,5.82083,46.07222,477.0,rural-nearcity,background,STA-FR33302
France,2024.0,SPO-FR33305_38,FR33305,5.22639,46.21167,220.0,urban,background,STA-FR33305
France,2024.0,SPO-FR36001_38,FR36001,4.87629,44.87024,125.0,suburban,background,STA-FR36001
France,2024.0,SPO-FR36002_1,FR36002,4.89348,44.93351,125.0,urban,background,STA-FR36002
France,2024.0,SPO-FR36019_38,FR36019,5.0443,45.0425,150.0,urban,background,STA-FR36019
France,2024.0,SPO-FR36021_38,FR36021,5.27897,44.56944,605.0,rural-remote,background,STA-FR36021
France,2024.0,SPO-FR36032_38,FR36032,4.89013,44.9492,113.0,urban,traffic,STA-FR36032
France,2024.0,SPO-FR19008_1045,FR19008,-1.83633,47.83192,29.0,rural-remote,background,STA-FR19008
France,2024.0,SPO-FR19033_20,FR19033,-2.76399,47.64892,20.0,urban,background,STA-FR19033
France,2024.0,SPO-FR19053_38,FR19053,-4.09766,47.98661,61.0,urban,background,STA-FR19053
France,2024.0,SPO-FR19082_38,FR19082,-2.00268,48.65306,5.0,suburban,background,STA-FR19082
France,2024.0,SPO-FR06011_1,FR06011,3.39593,50.32276,31.0,suburban,background,STA-FR06011
France,2024.0,SPO-FR06133_38,FR06133,3.85003,50.09225,151.0,rural-nearcity,background,STA-FR06133
France,2024.0,SPO-FR10017_1,FR10017,2.33236,51.03276,4.0,urban,background,STA-FR10017
France,2024.0,SPO-FR11007_20,FR11007,3.07477,50.64079,20.0,urban,traffic,STA-FR11007
France,2024.0,SPO-FR18019_38,FR18019,2.48217,49.27639,28.0,suburban,background,STA-FR18019
France,2024.0,SPO-FR18035_38,FR18035,2.23981,49.86889,30.0,suburban,background,STA-FR18035
France,2024.0,SPO-FR18042_1,FR18042,3.284,49.85133,95.0,urban,background,STA-FR18042
France,2024.0,SPO-FR18043_10,FR18043,2.4744,49.25955,34.0,urban,background,STA-FR18043
France,2024.0,SPO-FR18053_38,FR18053,2.3046,49.90167,26.0,urban,background,STA-FR18053
France,2024.0,SPO-FR18089_20,FR18089,2.08429,49.43593,72.0,urban,traffic,STA-FR18089
France,2024.0,SPO-FR28010_1,FR28010,2.9,50.44914,31.0,suburban,background,STA-FR28010
France,2024.0,SPO-FR28022_1,FR28022,2.80737,50.30886,90.0,suburban,background,STA-FR28022
France,2024.0,SPO-FR28033_38,FR28033,2.66642,50.48972,23.0,suburban,background,STA-FR28033
France,2024.0,SPO-FR01011_38,FR01011,6.18083,49.11944,192.0,urban,background,STA-FR01011
France,2024.0,SPO-FR01012_1,FR01012,6.22334,49.11028,204.0,urban,background,STA-FR01012
France,2024.0,SPO-FR01016_1,FR01016,6.09361,48.88639,203.0,rural-nearcity,industrial,STA-FR01016
France,2024.0,SPO-FR01018_38,FR01018,6.12278,49.1075,170.0,suburban,background,STA-FR01018
France,2024.0,SPO-FR01019_1,FR01019,6.16083,49.36861,156.0,urban,background,STA-FR01019
France,2024.0,SPO-FR01020_1,FR01020,6.15694,49.35834,154.0,urban,background,STA-FR01020
France,2024.0,SPO-FR01021_38,FR01021,6.20139,49.39444,151.0,suburban,background,STA-FR01021
France,2024.0,SPO-FR01059_1,FR01059,6.08207,49.3374,197.0,suburban,industrial,STA-FR01059
France,2024.0,SPO-FR01060_1,FR01060,6.21267,49.16885,173.0,rural-nearcity,background,STA-FR01060
France,2024.0,SPO-FR01064_10,FR01064,6.18122,49.12508,164.0,urban,traffic,STA-FR01064
France,2024.0,SPO-FR01065_38,FR01065,5.38746,49.16778,195.0,urban,traffic,STA-FR01065
France,2024.0,SPO-FR14008_1045,FR14008,4.63,49.90778,394.0,rural-remote,background,STA-FR14008
France,2024.0,SPO-FR14010_38,FR14010,4.05111,49.28222,91.0,suburban,background,STA-FR14010
France,2024.0,SPO-FR14011_20,FR14011,4.02306,49.25073,80.0,urban,traffic,STA-FR14011
France,2024.0,SPO-FR14012_1,FR14012,4.02056,49.22417,96.0,urban,background,STA-FR14012
France,2024.0,SPO-FR14022_1,FR14022,4.36,48.96222,86.0,urban,background,STA-FR14022
France,2024.0,SPO-FR14028_38,FR14028,3.95591,49.0461,74.0,urban,traffic,STA-FR14028
France,2024.0,SPO-FR14029_38,FR14029,4.59478,48.7266,101.0,suburban,background,STA-FR14029
France,2024.0,SPO-FR14031_1,FR14031,4.07694,48.30167,109.0,urban,background,STA-FR14031
France,2024.0,SPO-FR14033_38,FR14033,4.05028,48.295,119.0,urban,background,STA-FR14033
France,2024.0,SPO-FR14042_1,FR14042,4.96611,48.64584,151.0,urban,background,STA-FR14042
France,2024.0,SPO-FR14051_1,FR14051,4.71917,49.74528,160.0,urban,background,STA-FR14051
France,2024.0,SPO-FR16001_20,FR16001,7.70892,48.60882,148.0,suburban,background,STA-FR16001
France,2024.0,SPO-FR16017_1,FR16017,8.15846,48.91936,114.0,rural-regional,background,STA-FR16017
France,2024.0,SPO-FR16029_38,FR16029,7.78163,48.61036,114.0,urban,background,STA-FR16029
France,2024.0,SPO-FR16031_38,FR16031,7.31418,48.85731,340.0,rural-regional,background,STA-FR16031
France,2024.0,SPO-FR16034_1,FR16034,7.74498,48.59043,139.0,urban,traffic,STA-FR16034
France,2024.0,SPO-FR16038_38,FR16038,7.76633,48.57037,139.0,urban,background,STA-FR16038
France,2024.0,SPO-FR16054_1,FR16054,7.35056,48.07444,195.0,urban,background,STA-FR16054
France,2024.0,SPO-FR16057_1,FR16057,7.34729,47.75744,236.0,urban,background,STA-FR16057
France,2024.0,SPO-FR16059_38,FR16059,7.53868,47.82025,218.0,rural-nearcity,industrial,STA-FR16059
France,2024.0,SPO-FR16060_38,FR16060,7.56818,47.59491,247.0,suburban,background,STA-FR16060
France,2024.0,SPO-FR16066_38,FR16066,7.30908,47.73742,267.0,urban,background,STA-FR16066
France,2024.0,SPO-FR16069_10,FR16069,7.32136,47.74768,255.0,urban,traffic,STA-FR16069
France,2024.0,SPO-FR22011_1,FR22011,6.73166,49.15841,270.0,suburban,industrial,STA-FR22011
France,2024.0,SPO-FR22014_38,FR22014,6.95744,49.19539,340.0,suburban,background,STA-FR22014
France,2024.0,SPO-FR22019_1,FR22019,6.92583,49.22036,209.0,suburban,background,STA-FR22019
France,2024.0,SPO-FR22054_1,FR22054,6.91087,49.18742,233.0,urban,background,STA-FR22054
France,2024.0,SPO-FR30016_1,FR30016,6.17511,48.68586,210.0,urban,traffic,STA-FR30016
France,2024.0,SPO-FR30018_1,FR30018,6.58584,48.02461,380.0,urban,background,STA-FR30018
France,2024.0,SPO-FR30019_1,FR30019,6.45282,48.17265,350.0,urban,background,STA-FR30019
France,2024.0,SPO-FR30020_1,FR30020,5.16279,48.77586,200.0,urban,background,STA-FR30020
France,2024.0,SPO-FR30023_1,FR30023,6.30483,48.63334,210.0,rural-nearcity,industrial,STA-FR30023
France,2024.0,SPO-FR30026_10,FR30026,6.4839,48.58482,230.0,urban,traffic,STA-FR30026
France,2024.0,SPO-FR30028_1,FR30028,7.01111,48.05112,1200.0,rural-nearcity,background,STA-FR30028
France,2024.0,SPO-FR30033_1,FR30033,5.78556,49.06583,213.0,rural-regional,background,STA-FR30033
France,2024.0,SPO-FR30034_1,FR30034,6.19043,48.68817,200.0,urban,background,STA-FR30034
France,2024.0,SPO-FR30037_1,FR30037,6.13602,48.65694,360.0,suburban,background,STA-FR30037
France,2024.0,SPO-FR26043_20,FR26043,5.0402,47.31546,240.0,urban,traffic,STA-FR26043
France,2024.0,SPO-FR82001_20,FR82001,6.02361,47.23597,243.0,urban,traffic,STA-FR82001
France,2024.0,SPO-FR82006_38,FR82006,6.01542,47.2474,321.0,urban,background,STA-FR82006
France,2024.0,SPO-FR82010_38,FR82010,6.794,47.51031,331.0,urban,background,STA-FR82010
France,2024.0,SPO-FR82020_20,FR82020,6.85928,47.64067,360.0,urban,traffic,STA-FR82020
France,2024.0,SPO-FR82040_38,FR82040,5.49639,47.09672,223.0,urban,background,STA-FR82040
France,2024.0,SPO-FR82041_1,FR82041,5.4009,47.04261,192.0,rural-nearcity,industrial,STA-FR82041
France,2024.0,SPO-FR82042_1,FR82042,5.41503,47.06564,210.0,rural-nearcity,industrial,STA-FR82042
Greece,2023.0,SPO-GR0018A_00001_100,GR0018A,22.9451,40.63372,27.0,urban,traffic,STA-GR0018A
Greece,2023.0,SPO-GR0020A_00001_100,GR0020A,22.89322,40.67345,30.0,urban,industrial,STA-GR0020A
Greece,2023.0,SPO-GR0044A_00001_100,GR0044A,22.95625,40.63371,55.0,urban,traffic,STA-GR0044A
Greece,2023.0,SPO-GR0046A_00001_100,GR0046A,22.80217,40.65784,14.0,suburban,industrial,STA-GR0046A
Greece,2023.0,SPO-GR0047A_00005_100,GR0047A,23.03169,40.58892,363.0,suburban,background,STA-GR0047A
Greece,2023.0,SPO-GR0008A_00001_100,GR0008A,21.73818,38.25311,16.0,urban,traffic,STA-GR0008A
Greece,2023.0,SPO-GR0048A_00001_100,GR0048A,21.73451,38.24647,19.0,urban,traffic,STA-GR0048A
Greece,2023.0,SPO-GR0110R_00001_100,GR0110R,23.1103,38.3753,110.0,rural,background,STA-GR0110R
Hungary,2023.0,SPO-HU0002R_00001_100,HU0002R,19.55,46.96667,125.0,rural,background,STA-HU0002R
Hungary,2023.0,SPO-HU0022A_00001_100,HU0022A,19.18418,47.43083,153.0,suburban,background,STA-HU0022A
Hungary,2023.0,SPO-HU0023A_00001_100,HU0023A,21.62444,47.51333,111.0,urban,background,STA-HU0023A
Hungary,2023.0,SPO-HU0024A_00001_100,HU0024A,17.63944,47.68528,101.0,urban,traffic,STA-HU0024A
Hungary,2023.0,SPO-HU0025A_00001_100,HU0025A,17.64974,47.67611,101.0,urban,background,STA-HU0025A
Hungary,2023.0,SPO-HU0026A_00001_100,HU0026A,20.6164,48.24722,155.0,urban,background,STA-HU0026A
Hungary,2023.0,SPO-HU0027A_00001_100,HU0027A,20.79001,48.10694,125.0,urban,traffic,STA-HU0027A
Hungary,2023.0,SPO-HU0028A_00001_100,HU0028A,21.70584,47.96111,115.0,urban,traffic,STA-HU0028A
Hungary,2023.0,SPO-HU0029A_00001_100,HU0029A,18.21112,46.08028,200.0,suburban,background,STA-HU0029A
Hungary,2023.0,SPO-HU0030A_00001_100,HU0030A,18.22529,46.07111,120.0,urban,traffic,STA-HU0030A
Hungary,2023.0,SPO-HU0031A_00001_100,HU0031A,18.42084,47.55722,199.0,urban,traffic,STA-HU0031A
Hungary,2023.0,SPO-HU0032A_00001_100,HU0032A,18.92,47.30667,99.0,suburban,background,STA-HU0032A
Hungary,2023.0,SPO-HU0033A_00001_100,HU0033A,18.93611,46.97611,215.0,urban,industrial,STA-HU0033A
Hungary,2023.0,SPO-HU0034A_00001_100,HU0034A,17.90112,47.09111,274.0,suburban,background,STA-HU0034A
Hungary,2023.0,SPO-HU0035A_00001_100,HU0035A,16.57501,47.69194,241.0,urban,background,STA-HU0035A
Hungary,2023.0,SPO-HU0036A_00001_100,HU0036A,18.96001,47.56194,265.0,suburban,background,STA-HU0036A
Hungary,2023.0,SPO-HU0037A_00001_100,HU0037A,17.55667,47.10528,248.0,suburban,background,STA-HU0037A
Hungary,2023.0,SPO-HU0038A_00001_100,HU0038A,20.70306,48.21806,135.0,suburban,background,STA-HU0038A
Hungary,2023.0,SPO-HU0039A_00001_100,HU0039A,18.74612,47.79,122.0,urban,background,STA-HU0039A
Hungary,2023.0,SPO-HU0040A_00001_100,HU0040A,16.83889,47.67194,113.0,rural,background,STA-HU0040A
Hungary,2023.0,SPO-HU0041A_00001_100,HU0041A,19.02807,47.50806,123.0,urban,traffic,STA-HU0041A
Hungary,2023.0,SPO-HU0042A_00001_100,HU0042A,19.14612,47.54194,122.0,urban,background,STA-HU0042A
Hungary,2023.0,SPO-HU0045A_00001_100,HU0045A,19.08778,47.49194,90.0,urban,traffic,STA-HU0045A
Hungary,2023.0,SPO-HU0057A_00001_100,HU0057A,20.15305,46.26661,79.0,urban,background,STA-HU0057A
Lithuania,2023.0,SPO-LT00001_00001_100,LT00001,25.28519,54.67763,116.0,urban,background,STA-LT00001
Lithuania,2023.0,SPO-LT00002_00001_100,LT00002,25.21083,54.68611,170.0,urban,background,STA-LT00002
Lithuania,2023.0,SPO-LT00003_00001_100,LT00003,25.28944,54.71528,119.0,urban,traffic,STA-LT00003
Lithuania,2023.0,SPO-LT00004_00001_100,LT00004,25.2489,54.67333,124.0,urban,industrial,STA-LT00004
Lithuania,2023.0,SPO-LT00012_00005_100,LT00012,24.36557,55.725,52.0,urban,background,STA-LT00012
Lithuania,2023.0,SPO-LT00022_00001_100,LT00022,23.30803,55.93784,122.0,urban,traffic,STA-LT00022
Lithuania,2023.0,SPO-LT00023_00001_100,LT00023,22.33139,56.30972,67.0,urban,industrial,STA-LT00023
Lithuania,2023.0,SPO-LT00031_00001_100,LT00031,21.14111,55.70778,6.0,urban,traffic,STA-LT00031
Lithuania,2023.0,SPO-LT00033_00005_100,LT00033,21.17946,55.69,12.0,urban,traffic,STA-LT00033
Lithuania,2023.0,SPO-LT00041_00001_100,LT00041,23.98622,54.89513,31.0,urban,traffic,STA-LT00041
Lithuania,2023.0,SPO-LT00042_00001_100,LT00042,24.28389,55.07222,40.0,urban,industrial,STA-LT00042
Lithuania,2023.0,SPO-LT00043_00001_100,LT00043,23.95778,55.28,44.0,urban,industrial,STA-LT00043
Lithuania,2023.0,SPO-LT00044_00001_100,LT00044,23.83583,54.88361,73.0,urban,background,STA-LT00044
Lithuania,2023.0,SPO-LT00052_00001_100,LT00052,24.28973,54.0925,130.0,rural-remote,background,STA-LT00052
Lithuania,2023.0,SPO-LT00053_00001_500,LT00053,21.88695,56.00834,155.0,rural,background,STA-LT00053
Lithuania,2023.0,SPO-LT00054_00001_100,LT00054,21.03085,55.37639,5.0,rural,background,STA-LT00054
Luxembourg,2023.0,SPO-LU0101A_00001_100,LU0101A,6.13759,49.59769,275.0,urban,background,STA-LU0101A
Luxembourg,2023.0,SPO-LU0102A_00001_100,LU0102A,5.97694,49.50504,287.0,urban,background,STA-LU0102A
Luxembourg,2023.0,SPO-LU0103A_00001_100,LU0103A,6.17833,49.93583,511.0,rural-regional,background,STA-LU0103A
Luxembourg,2023.0,SPO-LU0104A_00001_100,LU0104A,5.84714,49.73181,288.0,rural,background,STA-LU0104A
Luxembourg,2023.0,SPO-LU0105A_00001_100,LU0105A,6.30533,49.72226,319.0,rural-regional,background,STA-LU0105A
Luxembourg,2023.0,SPO-LU0108A_00008_100,LU0108A,6.12811,49.60686,292.0,urban,traffic,STA-LU0108A
Luxembourg,2023.0,SPO-LU0109A_00005_100,LU0109A,6.11847,49.61157,303.0,urban,traffic,STA-LU0109A
Luxembourg,2023.0,SPO-LU0110A_00005_100,LU0110A,5.98476,49.49416,289.0,urban,traffic,STA-LU0110A
Luxembourg,2023.0,SPO-LU0111A_00008_100,LU0111A,5.91095,49.5671,284.0,urban,traffic,STA-LU0111A
Luxembourg,2023.0,SPO-LU0112A_00008_100,LU0112A,6.36702,49.54563,159.0,urban,traffic,STA-LU0112A
Montenegro,2023.0,SPO-ME0001A_00001_100,ME0001A,19.34913,43.35722,777.0,urban,background,STA-ME0001A
Montenegro,2023.0,SPO-ME0009A_00001_100,ME0009A,18.94291,42.78121,629.0,urban,background,STA-ME0009A
North Macedonia,2023.0,SPO-MK0030A_00001_100,MK0030A,21.46362,42.00361,250.0,suburban,background,STA-MK0030A
North Macedonia,2023.0,SPO-MK0031A_00001_100,MK0031A,21.47,41.97833,235.0,urban,industrial,STA-MK0031A
North Macedonia,2023.0,SPO-MK0034A_00001_100,MK0034A,22.41585,41.91389,349.0,urban,traffic,STA-MK0034A
North Macedonia,2023.0,SPO-MK0035A_00001_100,MK0035A,20.95862,41.51445,620.0,urban,industrial,STA-MK0035A
North Macedonia,2023.0,SPO-MK0036A_00001_100,MK0036A,21.71474,42.13556,337.0,urban,background,STA-MK0036A
North Macedonia,2023.0,SPO-MK0037A_00001_100,MK0037A,21.3564,41.04,586.0,urban,industrial,STA-MK0037A
North Macedonia,2023.0,SPO-MK0038A_00001_100,MK0038A,21.33667,41.03028,600.0,urban,traffic,STA-MK0038A
North Macedonia,2023.0,SPO-MK0040A_00001_100,MK0040A,21.76529,41.70583,191.0,urban,traffic,STA-MK0040A
North Macedonia,2023.0,SPO-MK0041A_00001_100,MK0041A,20.96518,41.99759,84.0,urban,traffic,STA-MK0041A
North Macedonia,2023.0,SPO-MK0042A_00001_100,MK0042A,20.6989,41.53583,1333.0,rural,background,STA-MK0042A
North Macedonia,2023.0,SPO-MK0043A_00005_100,MK0043A,21.44084,41.99917,270.0,urban,traffic,STA-MK0043A
North Macedonia,2023.0,SPO-MK0044A_00001_100,MK0044A,22.00723,41.44056,269.0,urban,industrial,STA-MK0044A
North Macedonia,2023.0,SPO-MK0045A_00001_100,MK0045A,21.6525,41.98744,268.0,suburban,industrial,STA-MK0045A
North Macedonia,2023.0,SPO-MK0048A_00001_100,MK0048A,21.387,42.006,255.0,urban,background,STA-MK0048A
Malta,2023.0,SPO-MT00004_00001_100,MT00004,14.53894,35.85227,56.0,urban,background,STA-MT00004
Malta,2023.0,SPO-MT00005_00001_100,MT00005,14.48989,35.89583,2.0,urban,traffic,STA-MT00005
Malta,2023.0,SPO-MT00007_00001_100,MT00007,14.19707,36.06705,114.0,rural-regional,background,STA-MT00007
Malta,2023.0,SPO-MT00008_00005_100,MT00008,14.43457,35.89009,86.0,urban,background,STA-MT00008
Netherlands,2023.0,SPO-NL00485_00001_100,NL00485,4.35524,51.86741,3.0,urban,background,STA-NL00485
Netherlands,2023.0,SPO-NL00487_00005_100,NL00487,4.48069,51.89115,3.0,urban,traffic,STA-NL00487
Netherlands,2023.0,SPO-NL00488_00005_100,NL00488,4.48753,51.89362,2.0,urban,background,STA-NL00488
Netherlands,2023.0,SPO-NL00489_00005_100,NL00489,4.58006,51.86943,2.0,urban,traffic,STA-NL00489
Netherlands,2023.0,SPO-NL00491_00005_100,NL00491,4.43069,51.93847,-1.0,urban,traffic,STA-NL00491
Netherlands,2023.0,SPO-NL00493_00005_100,NL00493,4.46134,51.92711,2.0,urban,traffic,STA-NL00493
Netherlands,2023.0,SPO-NL00494_00001_100,NL00494,4.40139,51.92139,3.0,urban,background,STA-NL00494
Netherlands,2023.0,SPO-NL00495_00001_100,NL00495,4.22803,51.93204,4.0,urban,background,STA-NL00495
Netherlands,2023.0,SPO-NL00496_00001_100,NL00496,4.12194,51.9778,6.0,suburban,industrial,STA-NL00496
Netherlands,2023.0,SPO-NL00002_00008_101,NL00002,4.87575,52.38542,1.0,urban,traffic,STA-NL00002
Netherlands,2023.0,SPO-NL00107_00001_100,NL00107,6.0424,51.11919,35.0,rural,background,STA-NL00107
Netherlands,2023.0,SPO-NL00131_00001_100,NL00131,5.85307,51.54052,30.0,rural,background,STA-NL00131
Netherlands,2022.0,SPO-NL00133_00001_100,NL00133,5.88175,50.90228,91.0,suburban,background,STA-NL00133
Netherlands,2023.0,SPO-NL00136_00001_100,NL00136,5.9705,50.88796,112.0,urban,traffic,STA-NL00136
Netherlands,2023.0,SPO-NL00138_00005_100,NL00138,5.98685,50.90032,99.0,urban,background,STA-NL00138
Netherlands,2023.0,SPO-NL00230_00001_100,NL00230,5.14845,51.51844,15.0,rural,background,STA-NL00230
Netherlands,2023.0,SPO-NL00235_00001_101,NL00235,4.35984,51.43444,21.0,rural,background,STA-NL00235
Netherlands,2023.0,SPO-NL00236_00005_100,NL00236,5.47235,51.46866,20.0,urban,traffic,STA-NL00236
Netherlands,2023.0,SPO-NL00237_00001_100,NL00237,5.44483,51.44416,21.0,urban,traffic,STA-NL00237
Netherlands,2023.0,SPO-NL00240_00005_100,NL00240,4.82494,51.59353,8.0,urban,traffic,STA-NL00240
Netherlands,2023.0,SPO-NL00241_00005_100,NL00241,4.78102,51.60308,1.0,urban,background,STA-NL00241
Netherlands,2023.0,SPO-NL00246_00005_100,NL00246,4.51527,51.65373,2.0,rural,background,STA-NL00246
Netherlands,2023.0,SPO-NL00247_00005_100,NL00247,5.39333,51.40737,26.0,urban,background,STA-NL00247
Netherlands,2023.0,SPO-NL00301_00001_100,NL00301,3.91662,51.63471,1.0,rural,background,STA-NL00301
Netherlands,2023.0,SPO-NL00318_00001_111,NL00318,3.74948,51.2945,5.0,rural,background,STA-NL00318
Netherlands,2023.0,SPO-NL00404_00001_100,NL00404,4.28919,52.07715,4.0,urban,background,STA-NL00404
Netherlands,2023.0,SPO-NL00418_00001_100,NL00418,4.47992,51.91423,1.0,urban,background,STA-NL00418
Netherlands,2023.0,SPO-NL00437_00001_100,NL00437,4.45053,51.78658,0.0,rural,background,STA-NL00437
Netherlands,2023.0,SPO-NL00442_00005_100,NL00442,4.70824,51.80066,1.0,urban,background,STA-NL00442
Netherlands,2023.0,SPO-NL00444_00001_100,NL00444,4.51082,52.29656,4.0,rural,background,STA-NL00444
Netherlands,2023.0,SPO-NL00445_00005_100,NL00445,4.31587,52.07507,0.0,urban,traffic,STA-NL00445
Netherlands,2023.0,SPO-NL00446_00005_100,NL00446,4.35938,52.03902,0.0,urban,background,STA-NL00446
Netherlands,2023.0,SPO-NL00538_00001_100,NL00538,5.05051,52.80366,-2.0,rural,background,STA-NL00538
Netherlands,2023.0,SPO-NL00550_00005_100,NL00550,4.64232,52.37051,2.0,urban,traffic,STA-NL00550
Netherlands,2023.0,SPO-NL00617_00001_SO2_lucht,NL00617,5.59338,52.42321,-1.0,rural,background,STA-NL00617
Netherlands,2023.0,SPO-NL00633_00001_100,NL00633,4.83819,52.13795,-2.0,rural,background,STA-NL00633
Netherlands,2023.0,SPO-NL00636_00001_100,NL00636,5.12446,52.10503,3.0,urban,traffic,STA-NL00636
Netherlands,2023.0,SPO-NL00639_00005_100,NL00639,5.12051,52.06775,4.0,urban,traffic,STA-NL00639
Netherlands,2023.0,SPO-NL00641_00001_100,NL00641,4.98744,52.20153,1.0,urban,traffic,STA-NL00641
Netherlands,2023.0,SPO-NL00643_00007_100,NL00643,5.12818,52.10131,5.0,urban,background,STA-NL00643
Netherlands,2023.0,SPO-NL00644_00001_100,NL00644,4.9233,51.97449,0.0,rural,background,STA-NL00644
Netherlands,2023.0,SPO-NL00722_00001_111,NL00722,6.60537,52.0918,20.0,rural,background,STA-NL00722
Netherlands,2023.0,SPO-NL00738_00001_100,NL00738,5.70842,52.11162,22.0,rural,background,STA-NL00738
Netherlands,2023.0,SPO-NL00741_00005_100,NL00741,5.85778,51.84137,31.0,urban,traffic,STA-NL00741
Netherlands,2023.0,SPO-NL00742_00005_100,NL00742,5.85694,51.83822,31.0,urban,background,STA-NL00742
Netherlands,2023.0,SPO-NL00807_00001_100,NL00807,6.40293,52.38827,10.0,rural,background,STA-NL00807
Netherlands,2023.0,SPO-NL00818_00001_101,NL00818,6.01757,52.65414,3.0,rural,background,STA-NL00818
Netherlands,2023.0,SPO-NL00918_00001_100,NL00918,5.57349,52.91692,1.0,rural,background,STA-NL00918
Netherlands,2023.0,SPO-NL00929_00001_100,NL00929,6.93243,52.87573,11.0,rural,background,STA-NL00929
Netherlands,2023.0,SPO-NL00934_00001_101,NL00934,6.27682,53.33043,1.0,rural,background,STA-NL00934
Netherlands,2023.0,SPO-NL00937_00005_100,NL00937,6.5789,53.2178,5.0,urban,traffic,STA-NL00937
Netherlands,2023.0,SPO-NL00938_00007_100,NL00938,6.60894,53.24654,0.0,urban,background,STA-NL00938
Netherlands,2023.0,SPO-NL00003_00007_100,NL00003,4.94382,52.38931,4.0,urban,background,STA-NL00003
Netherlands,2023.0,SPO-NL00007_00005_100,NL00007,4.84523,52.38133,2.0,urban,traffic,STA-NL00007
Netherlands,2023.0,SPO-NL00012_00005_100,NL00012,4.88781,52.38998,3.0,urban,traffic,STA-NL00012
Netherlands,2023.0,SPO-NL00014_00005_101,NL00014,4.86621,52.35971,2.0,urban,background,STA-NL00014
Netherlands,2023.0,SPO-NL00017_00005_100,NL00017,4.8997,52.35804,5.0,urban,traffic,STA-NL00017
Netherlands,2023.0,SPO-NL00019_00008_101,NL00019,4.9044,52.37206,6.0,urban,background,STA-NL00019
Netherlands,2023.0,SPO-NL00020_00005_100,NL00020,4.86032,52.37479,1.0,urban,traffic,STA-NL00020
Netherlands,2023.0,SPO-NL00021_00008_101,NL00021,4.9884,52.32069,0.0,urban,background,STA-NL00021
Netherlands,2023.0,SPO-NL00022_00008_101,NL00022,4.79334,52.36681,2.0,urban,background,STA-NL00022
Netherlands,2023.0,SPO-NL00701_00005_101,NL00701,4.81671,52.44801,2.0,urban,background,STA-NL00701
Netherlands,2023.0,SPO-NL00703_00005_101,NL00703,4.72858,52.39844,-1.0,rural,background,STA-NL00703
Netherlands,2023.0,SPO-NL00704_00001_100,NL00704,4.77348,52.42802,1.0,urban,industrial,STA-NL00704
Netherlands,2023.0,SPO-NL00546_00005_100,NL00546,4.83206,52.42023,4.0,urban,industrial,STA-NL00546
Netherlands,2023.0,SPO-NL00551_00001_100,NL00551,4.60184,52.46304,10.0,urban,industrial,STA-NL00551
Netherlands,2023.0,SPO-NL00553_00001_100,NL00553,4.60199,52.49399,11.0,urban,industrial,STA-NL00553
Netherlands,2023.0,SPO-NL00561_00005_100,NL00561,4.77401,52.334,-2.0,urban,background,STA-NL00561
Netherlands,2023.0,SPO-NL00564_00005_100,NL00564,4.71501,52.32746,-4.0,rural,background,STA-NL00564
Netherlands,2023.0,SPO-NL00565_00005_100,NL00565,4.77077,52.27999,2.0,rural,background,STA-NL00565
Portugal,2023.0,SPO-PT03055_00001_100,PT03055,-9.04778,38.66667,31.0,urban,industrial,STA-PT03055
Portugal,2023.0,SPO-PT03063_00001_100,PT03063,-9.08111,38.61944,47.0,suburban,industrial,STA-PT03063
Portugal,2023.0,SPO-PT03070_00001_100,PT03070,-9.1175,38.89472,56.0,urban,background,STA-PT03070
Portugal,2023.0,SPO-PT03071_00001_100,PT03071,-9.10806,38.76889,32.0,urban,background,STA-PT03071
Portugal,2023.0,SPO-PT03072_00001_100,PT03072,-9.14889,38.74861,86.0,urban,traffic,STA-PT03072
Portugal,2023.0,SPO-PT03075_00005_100,PT03075,-9.14583,38.72028,44.0,urban,traffic,STA-PT03075
Portugal,2023.0,SPO-PT03082_00001_100,PT03082,-9.2075,38.73889,109.0,urban,background,STA-PT03082
Portugal,2023.0,SPO-PT03083_00005_100,PT03083,-9.15778,38.66361,63.0,urban,background,STA-PT03083
Portugal,2023.0,SPO-PT03084_00005_100,PT03084,-9.23083,38.75417,132.0,urban,background,STA-PT03084
Portugal,2023.0,SPO-PT03085_00005_100,PT03085,-9.16444,38.82972,10.0,urban,background,STA-PT03085
Portugal,2023.0,SPO-PT03087_00005_100,PT03087,-9.21028,38.705,143.0,urban,background,STA-PT03087
Portugal,2023.0,SPO-PT03089_00001_100,PT03089,-9.34722,38.785,173.0,urban,background,STA-PT03089
Portugal,2023.0,SPO-PT03091_00005_100,PT03091,-9.32333,38.6975,48.0,urban,background,STA-PT03091
Portugal,2023.0,SPO-PT03093_00005_100,PT03093,-8.89417,38.52917,2.0,urban,background,STA-PT03093
Portugal,2023.0,SPO-PT03094_00001_100,PT03094,-8.89417,38.52417,16.0,urban,traffic,STA-PT03094
Portugal,2023.0,SPO-PT03095_00001_100,PT03095,-9.06694,38.65861,30.0,urban,background,STA-PT03095
Portugal,2023.0,SPO-PT03096_00001_100,PT03096,-8.46611,39.3525,143.0,rural,background,STA-PT03096
Portugal,2023.0,SPO-PT03097_00005_100,PT03097,-9.18222,38.80222,124.0,urban,traffic,STA-PT03097
Portugal,2023.0,SPO-PT03099_00001_100,PT03099,-8.69056,38.63556,57.0,rural,background,STA-PT03099
Portugal,2023.0,SPO-PT03100_00005_100,PT03100,-9.2025,38.74806,76.0,urban,traffic,STA-PT03100
Portugal,2023.0,SPO-PT03101_00001_100,PT03101,-9.04028,38.89611,22.0,urban,background,STA-PT03101
Portugal,2023.0,SPO-PT03102_00005_100,PT03102,-9.24556,39.27833,143.0,rural,background,STA-PT03102
Portugal,2023.0,SPO-PT03103_00001_100,PT03103,-9.04861,38.65,24.0,urban,background,STA-PT03103
Portugal,2023.0,SPO-PT03104_00005_100,PT03104,-9.42944,38.70139,41.0,urban,background,STA-PT03104
Portugal,2023.0,SPO-PT02004_00001_100,PT02004,-8.56722,40.75861,14.0,suburban,background,STA-PT02004
Portugal,2023.0,SPO-PT02016_00001_100,PT02016,-8.41083,40.20694,138.0,urban,background,STA-PT02016
Portugal,2023.0,SPO-PT02017_00005_100,PT02017,-8.64667,40.63556,16.0,urban,traffic,STA-PT02017
Portugal,2023.0,SPO-PT02018_00001_100,PT02018,-8.67056,40.58972,14.0,suburban,background,STA-PT02018
Portugal,2023.0,SPO-PT02019_00001_100,PT02019,-8.89167,39.92389,68.0,rural,background,STA-PT02019
Portugal,2023.0,SPO-PT02021_00001_100,PT02021,-8.10056,40.64111,731.0,rural,background,STA-PT02021
Portugal,2023.0,SPO-PT04001_00001_100,PT04001,-8.83806,37.95417,129.0,suburban,industrial,STA-PT04001
Portugal,2023.0,SPO-PT04002_00001_100,PT04002,-8.79861,38.07694,53.0,rural,background,STA-PT04002
Portugal,2023.0,SPO-PT04003_00001_100,PT04003,-8.72389,37.87111,235.0,rural,industrial,STA-PT04003
Portugal,2023.0,SPO-PT04006_00001_100,PT04006,-7.3975,38.615,187.0,rural,background,STA-PT04006
Portugal,2023.0,SPO-PT01024_00005_100,PT01024,-8.61861,41.23556,90.0,urban,traffic,STA-PT01024
Portugal,2023.0,SPO-PT01028_00005_100,PT01028,-8.58944,41.16444,146.0,urban,traffic,STA-PT01028
Portugal,2023.0,SPO-PT01030_00005_100,PT01030,-8.66306,41.18611,72.0,urban,traffic,STA-PT01030
Portugal,2023.0,SPO-PT01031_00005_100,PT01031,-8.66056,41.25222,88.0,suburban,background,STA-PT01031
Portugal,2023.0,SPO-PT01041_00005_100,PT01041,-8.40583,41.54972,175.0,urban,traffic,STA-PT01041
Portugal,2023.0,SPO-PT01043_00005_100,PT01043,-8.33806,41.2075,184.0,urban,traffic,STA-PT01043
Portugal,2023.0,SPO-PT01044_00005_100,PT01044,-8.37611,41.27417,300.0,urban,background,STA-PT01044
Portugal,2023.0,SPO-PT01046_00005_100,PT01046,-8.29639,41.44972,185.0,urban,traffic,STA-PT01046
Portugal,2023.0,SPO-PT01047_00005_100,PT01047,-8.69389,41.80222,777.0,rural,background,STA-PT01047
Portugal,2023.0,SPO-PT01048_00001_100,PT01048,-7.79083,41.37139,1086.0,rural,background,STA-PT01048
Portugal,2023.0,SPO-PT01051_00005_100,PT01051,-8.72083,41.30861,25.0,suburban,background,STA-PT01051
Portugal,2023.0,SPO-PT01052_00005_100,PT01052,-8.46083,41.35389,47.0,urban,background,STA-PT01052
Portugal,2023.0,SPO-PT01054_00005_100,PT01054,-8.62333,40.99944,0.0,suburban,background,STA-PT01054
Portugal,2023.0,SPO-PT05007_00001_100,PT05007,-7.92667,37.015,4.0,urban,background,STA-PT05007
Portugal,2023.0,SPO-PT05008_00001_100,PT05008,-8.24972,37.09167,45.0,urban,background,STA-PT05008
Portugal,2023.0,SPO-PT05011_00005_100,PT05011,-8.54222,37.13833,6.0,urban,traffic,STA-PT05011
Portugal,2023.0,SPO-PT05012_00001_100,PT05012,-7.67861,37.3125,300.0,rural,background,STA-PT05012
Romania,2024.0,SPO-RO0125A_00001_100,RO0125A,27.31367,44.20418,18.0,urban,traffic,STA-RO0125A
Romania,2024.0,SPO-RO0126A_00001_100,RO0126A,27.32796,44.20176,20.0,suburban,background,STA-RO0126A
Romania,2024.0,SPO-RO0213A_00001_100,RO0213A,27.39134,44.19681,22.0,rural,background,STA-RO0213A
Romania,2024.0,SPO-RO0065A_00001_100,RO0065A,26.03669,44.44727,91.0,urban,background,STA-RO0065A
Romania,2024.0,SPO-RO0066A_00001_100,RO0066A,26.16079,44.41797,71.0,urban,industrial,STA-RO0066A
Romania,2024.0,SPO-RO0067A_00005_100,RO0067A,26.12729,44.44492,81.0,urban,traffic,STA-RO0067A
Romania,2024.0,SPO-RO0068A_00001_100,RO0068A,26.12502,44.38391,80.0,urban,industrial,STA-RO0068A
Romania,2024.0,SPO-RO0069A_00001_100,RO0069A,26.03364,44.41949,87.0,urban,industrial,STA-RO0069A
Romania,2024.0,SPO-RO0070A_00005_100,RO0070A,26.0983,44.43504,79.0,urban,traffic,STA-RO0070A
Romania,2024.0,SPO-RO0071A_00001_100,RO0071A,26.03083,44.34922,80.0,suburban,background,STA-RO0071A
Romania,2024.0,SPO-RO0072A_00001_100,RO0072A,26.14448,44.64903,93.0,rural,background,STA-RO0072A
Romania,2024.0,SPO-RO0073A_00001_100,RO0073A,23.61562,46.77825,336.0,urban,traffic,STA-RO0073A
Romania,2024.0,SPO-RO0074A_00001_100,RO0074A,23.59662,46.77503,336.0,urban,background,STA-RO0074A
Romania,2024.0,SPO-RO0075A_00001_100,RO0075A,23.55026,46.76543,346.0,suburban,background,STA-RO0075A
Romania,2024.0,SPO-RO0076A_00001_100,RO0076A,23.63059,46.78218,323.0,urban,industrial,STA-RO0076A
Romania,2024.0,SPO-RO0077A_00001_100,RO0077A,23.87739,47.14501,234.0,urban,background,STA-RO0077A
Romania,2024.0,SPO-RO0078A_00001_100,RO0078A,23.80624,44.31857,118.0,urban,traffic,STA-RO0078A
Romania,2024.0,SPO-RO0079A_00001_100,RO0079A,23.79671,44.31914,120.0,urban,background,STA-RO0079A
Romania,2024.0,SPO-RO0080A_00001_100,RO0080A,23.77869,44.32677,83.0,urban,industrial,STA-RO0080A
Romania,2024.0,SPO-RO0081A_00001_100,RO0081A,23.73366,44.38656,98.0,suburban,industrial,STA-RO0081A
Romania,2024.0,SPO-RO0082A_00001_100,RO0082A,23.71972,44.34222,123.0,rural,background,STA-RO0082A
Romania,2024.0,SPO-RO0214A_00001_100,RO0214A,22.95319,43.99705,58.0,rural,traffic,STA-RO0214A
Romania,2024.0,SPO-RO0083A_00001_100,RO0083A,27.57491,47.15684,40.0,urban,traffic,STA-RO0083A
Romania,2024.0,SPO-RO0084A_00001_100,RO0084A,27.58192,47.15095,42.0,urban,background,STA-RO0084A
Romania,2024.0,SPO-RO0085A_00001_100,RO0085A,27.61269,47.15779,64.0,urban,industrial,STA-RO0085A
Romania,2024.0,SPO-RO0086A_00001_100,RO0086A,27.61108,47.21331,186.0,rural,background,STA-RO0086A
Romania,2024.0,SPO-RO0087A_00001_100,RO0087A,27.69309,47.13574,37.0,suburban,background,STA-RO0087A
Romania,2024.0,SPO-RO0211A_00001_100,RO0211A,27.76873,47.21564,34.0,rural,background,STA-RO0211A
Romania,2024.0,SPO-RO0092A_00001_100,RO0092A,23.56352,46.06428,242.0,urban,background,STA-RO0092A
Romania,2024.0,SPO-RO0093A_00001_100,RO0093A,23.55989,45.96641,249.0,urban,industrial,STA-RO0093A
Romania,2024.0,SPO-RO0094A_00001_100,RO0094A,23.22639,46.10964,410.0,urban,industrial,STA-RO0094A
Romania,2024.0,SPO-RO0095A_00001_100,RO0095A,21.33502,46.18114,107.0,urban,traffic,STA-RO0095A
Romania,2024.0,SPO-RO0096A_00001_100,RO0096A,21.30253,46.19046,106.0,urban,background,STA-RO0096A
Romania,2024.0,SPO-RO0097A_00001_100,RO0097A,20.7366,46.16685,83.0,suburban,traffic,STA-RO0097A
Romania,2024.0,SPO-RO0098A_00001_100,RO0098A,24.85459,44.87014,283.0,urban,traffic,STA-RO0098A
Romania,2024.0,SPO-RO0099A_00001_100,RO0099A,24.87152,44.85817,280.0,urban,background,STA-RO0099A
Romania,2024.0,SPO-RO0100A_00001_100,RO0100A,25.00738,44.86342,292.0,suburban,background,STA-RO0100A
Romania,2024.0,SPO-RO0101A_00001_100,RO0101A,24.76126,44.97883,321.0,suburban,background,STA-RO0101A
Romania,2024.0,SPO-RO0102A_00001_100,RO0102A,24.97553,44.75566,266.0,suburban,industrial,STA-RO0102A
Romania,2024.0,SPO-RO0103A_00001_100,RO0103A,25.07966,45.28565,688.0,suburban,industrial,STA-RO0103A
Romania,2024.0,SPO-RO0104A_00001_100,RO0104A,26.91067,46.56437,169.0,urban,background,STA-RO0104A
Romania,2024.0,SPO-RO0105A_00001_100,RO0105A,26.92694,46.55584,158.0,suburban,industrial,STA-RO0105A
Romania,2024.0,SPO-RO0106A_00001_100,RO0106A,26.79289,46.25662,201.0,suburban,industrial,STA-RO0106A
Romania,2024.0,SPO-RO0107A_00001_100,RO0107A,21.92723,47.06872,128.0,urban,background,STA-RO0107A
Romania,2024.0,SPO-RO0108A_00001_100,RO0108A,21.90117,47.0976,113.0,urban,industrial,STA-RO0108A
Romania,2024.0,SPO-RO0109A_00001_100,RO0109A,21.95049,47.03248,136.0,urban,traffic,STA-RO0109A
Romania,2024.0,SPO-RO0110A_00001_100,RO0110A,22.33191,47.04379,213.0,rural,industrial,STA-RO0110A
Romania,2024.0,SPO-RO0111A_00001_100,RO0111A,24.49549,47.12737,357.0,urban,background,STA-RO0111A
Romania,2024.0,SPO-RO0112A_00001_100,RO0112A,26.65852,47.73992,167.0,urban,background,STA-RO0112A
Romania,2024.0,SPO-RO0113A_00001_100,RO0113A,27.9711,45.28376,21.0,urban,traffic,STA-RO0113A
Romania,2024.0,SPO-RO0114A_00001_100,RO0114A,27.96951,45.26314,19.0,urban,background,STA-RO0114A
Romania,2024.0,SPO-RO0115A_00001_100,RO0115A,27.88921,45.27087,13.0,rural,background,STA-RO0115A
Romania,2024.0,SPO-RO0116A_00001_100,RO0116A,27.94946,45.29732,22.0,suburban,industrial,STA-RO0116A
Romania,2024.0,SPO-RO0117A_00001_100,RO0117A,27.92264,45.16847,8.0,rural,industrial,STA-RO0117A
Romania,2024.0,SPO-RO0118A_00001_100,RO0118A,25.63075,45.63767,600.0,urban,traffic,STA-RO0118A
Romania,2024.0,SPO-RO0119A_00001_100,RO0119A,25.58306,45.65222,570.0,urban,background,STA-RO0119A
Romania,2024.0,SPO-RO0120A_00001_100,RO0120A,25.61599,45.6594,565.0,urban,traffic,STA-RO0120A
Romania,2024.0,SPO-RO0121A_00001_100,RO0121A,25.62419,45.71808,518.0,suburban,background,STA-RO0121A
Romania,2024.0,SPO-RO0122A_00001_100,RO0122A,25.62565,45.6516,580.0,urban,industrial,STA-RO0122A
Romania,2024.0,SPO-RO0123A_00001_100,RO0123A,26.81862,45.15408,98.0,urban,background,STA-RO0123A
Romania,2024.0,SPO-RO0124A_00001_100,RO0124A,27.04462,45.39212,141.0,suburban,traffic,STA-RO0124A
Romania,2024.0,SPO-RO0127A_00001_100,RO0127A,21.87213,45.29934,256.0,urban,industrial,STA-RO0127A
Romania,2024.0,SPO-RO0128A_00001_100,RO0128A,22.3527,45.51858,261.0,urban,industrial,STA-RO0128A
Romania,2024.0,SPO-RO0130A_00001_100,RO0130A,22.24319,45.36313,226.0,rural,traffic,STA-RO0130A
Romania,2024.0,SPO-RO0131A_00001_100,RO0131A,28.63621,44.17799,45.0,urban,traffic,STA-RO0131A
Romania,2024.0,SPO-RO0132A_00001_100,RO0132A,28.64968,44.17648,36.0,urban,background,STA-RO0132A
Romania,2024.0,SPO-RO0134A_00001_100,RO0134A,28.58264,43.81512,16.0,urban,traffic,STA-RO0134A
Romania,2024.0,SPO-RO0135A_00001_100,RO0135A,28.62382,44.14938,39.0,urban,industrial,STA-RO0135A
Romania,2024.0,SPO-RO0136A_00001_100,RO0136A,28.61029,44.31964,20.0,urban,industrial,STA-RO0136A
Romania,2024.0,SPO-RO0137A_00001_100,RO0137A,28.27169,44.24566,19.0,urban,industrial,STA-RO0137A
Romania,2024.0,SPO-RO0138A_00001_100,RO0138A,25.80442,45.87509,526.0,rural,background,STA-RO0138A
Romania,2024.0,SPO-RO0139A_00001_100,RO0139A,25.46655,44.91519,273.0,urban,industrial,STA-RO0139A
Romania,2024.0,SPO-RO0140A_00001_100,RO0140A,25.42179,45.13136,463.0,urban,industrial,STA-RO0140A
Romania,2024.0,SPO-RO0141A_00001_100,RO0141A,28.01859,45.42041,51.0,urban,traffic,STA-RO0141A
Romania,2024.0,SPO-RO0142A_00001_100,RO0142A,28.05474,45.43154,33.0,urban,background,STA-RO0142A
Romania,2024.0,SPO-RO0143A_00001_100,RO0143A,28.03441,45.47416,68.0,suburban,background,STA-RO0143A
Romania,2024.0,SPO-RO0144A_00001_100,RO0144A,28.00597,45.41186,45.0,suburban,industrial,STA-RO0144A
Romania,2024.0,SPO-RO0145A_00001_100,RO0145A,27.43959,45.81826,31.0,suburban,industrial,STA-RO0145A
Romania,2024.0,SPO-RO0207A_00001_100,RO0207A,25.97207,43.91146,24.0,urban,traffic,STA-RO0207A
Romania,2024.0,SPO-RO0208A_00001_100,RO0208A,25.95657,43.89555,22.0,urban,background,STA-RO0208A
Romania,2024.0,SPO-RO0209A_00001_100,RO0209A,25.93168,43.87546,24.0,suburban,industrial,STA-RO0209A
Romania,2024.0,SPO-RO0210A_00001_100,RO0210A,26.03693,43.96342,20.0,rural,background,STA-RO0210A
Romania,2024.0,SPO-RO0150A_00001_100,RO0150A,23.27398,45.05019,208.0,urban,industrial,STA-RO0150A
Romania,2024.0,SPO-RO0151A_00001_100,RO0151A,23.17087,44.89718,154.0,suburban,industrial,STA-RO0151A
Romania,2024.0,SPO-RO0152A_00001_100,RO0152A,23.37358,44.68062,124.0,suburban,industrial,STA-RO0152A
Romania,2024.0,SPO-RO0153A_00001_100,RO0153A,25.81125,46.32672,697.0,rural,background,STA-RO0153A
Romania,2024.0,SPO-RO0154A_00001_100,RO0154A,22.90859,45.87141,191.0,urban,background,STA-RO0154A
Romania,2024.0,SPO-RO0155A_00001_100,RO0155A,22.89867,45.89593,183.0,suburban,industrial,STA-RO0155A
Romania,2024.0,SPO-RO0157A_00001_100,RO0157A,22.99171,45.73474,239.0,suburban,industrial,STA-RO0157A
Romania,2024.0,SPO-RO0158A_00001_100,RO0158A,23.27796,45.37279,617.0,suburban,industrial,STA-RO0158A
Romania,2024.0,SPO-RO0159A_00001_100,RO0159A,27.36608,44.56497,24.0,urban,background,STA-RO0159A
Romania,2024.0,SPO-RO0160A_00001_100,RO0160A,26.65146,44.72304,56.0,suburban,industrial,STA-RO0160A
Romania,2024.0,SPO-RO0161A_00001_100,RO0161A,23.55488,47.65212,211.0,urban,traffic,STA-RO0161A
Romania,2024.0,SPO-RO0162A_00001_100,RO0162A,23.57051,47.65172,223.0,urban,background,STA-RO0162A
Romania,2024.0,SPO-RO0163A_00001_100,RO0163A,23.60533,47.75147,387.0,suburban,background,STA-RO0163A
Romania,2024.0,SPO-RO0164A_00001_100,RO0164A,23.61423,47.67065,258.0,urban,industrial,STA-RO0164A
Romania,2024.0,SPO-RO0165A_00001_100,RO0165A,23.62837,47.70444,300.0,urban,industrial,STA-RO0165A
Romania,2024.0,SPO-RO0166A_00001_100,RO0166A,22.66198,44.62663,53.0,urban,industrial,STA-RO0166A
Romania,2024.0,SPO-RO0167A_00001_100,RO0167A,24.55964,46.54105,329.0,urban,background,STA-RO0167A
Romania,2024.0,SPO-RO0168A_00001_100,RO0168A,24.53432,46.53357,303.0,suburban,industrial,STA-RO0168A
Romania,2024.0,SPO-RO0169A_00001_100,RO0169A,24.1014,46.47751,279.0,suburban,industrial,STA-RO0169A
Romania,2024.0,SPO-RO0170A_00001_100,RO0170A,24.30773,46.33383,283.0,suburban,industrial,STA-RO0170A
Romania,2024.0,SPO-RO0171A_00001_100,RO0171A,26.38925,46.93413,357.0,urban,background,STA-RO0171A
Romania,2024.0,SPO-RO0173A_00001_100,RO0173A,26.03413,46.89868,491.0,rural,industrial,STA-RO0173A
Romania,2024.0,SPO-RO0174A_00001_100,RO0174A,24.35139,44.42949,160.0,urban,industrial,STA-RO0174A
Romania,2024.0,SPO-RO0175A_00001_100,RO0175A,25.99509,44.93799,167.0,urban,traffic,STA-RO0175A
Romania,2024.0,SPO-RO0176A_00001_100,RO0176A,26.02583,44.93924,158.0,urban,background,STA-RO0176A
Romania,2024.0,SPO-RO0177A_00001_100,RO0177A,26.01521,44.98375,183.0,suburban,background,STA-RO0177A
Romania,2024.0,SPO-RO0178A_00001_100,RO0178A,26.0235,44.84948,126.0,suburban,industrial,STA-RO0178A
Romania,2024.0,SPO-RO0179A_00001_100,RO0179A,26.03399,44.92203,145.0,urban,traffic,STA-RO0179A
Romania,2024.0,SPO-RO0180A_00001_100,RO0180A,26.04499,44.93812,144.0,urban,industrial,STA-RO0180A
Romania,2024.0,SPO-RO0181A_00001_100,RO0181A,23.04705,47.19514,290.0,urban,industrial,STA-RO0181A
Romania,2024.0,SPO-RO0182A_00001_100,RO0182A,22.87617,47.79753,125.0,urban,background,STA-RO0182A
Romania,2024.0,SPO-RO0183A_00001_100,RO0183A,22.4585,47.68973,129.0,suburban,traffic,STA-RO0183A
Romania,2024.0,SPO-RO0184A_00001_100,RO0184A,24.15351,45.78505,432.0,urban,background,STA-RO0184A
Romania,2024.0,SPO-RO0185A_00001_100,RO0185A,24.18294,45.79722,402.0,suburban,industrial,STA-RO0185A
Romania,2024.0,SPO-RO0186A_00001_100,RO0186A,24.22805,46.11277,286.0,urban,industrial,STA-RO0186A
Romania,2024.0,SPO-RO0187A_00001_100,RO0187A,24.33851,46.1587,291.0,suburban,industrial,STA-RO0187A
Romania,2024.0,SPO-RO0188A_00001_100,RO0188A,26.24901,47.64926,375.0,urban,background,STA-RO0188A
Romania,2024.0,SPO-RO0189A_00001_100,RO0189A,26.2814,47.66883,289.0,urban,industrial,STA-RO0189A
Romania,2024.0,SPO-RO0190A_00001_100,RO0190A,26.06808,47.95319,316.0,urban,traffic,STA-RO0190A
Romania,2024.0,SPO-RO0193A_00001_100,RO0193A,21.20484,45.72787,88.0,urban,traffic,STA-RO0193A
Romania,2024.0,SPO-RO0194A_00001_100,RO0194A,21.23489,45.75473,92.0,urban,background,STA-RO0194A
Romania,2024.0,SPO-RO0195A_00001_100,RO0195A,21.15178,45.91343,117.0,suburban,background,STA-RO0195A
Romania,2024.0,SPO-RO0196A_00001_100,RO0196A,21.25081,45.73669,86.0,urban,industrial,STA-RO0196A
Romania,2024.0,SPO-RO0197A_00001_100,RO0197A,21.22052,45.77764,89.0,urban,traffic,STA-RO0197A
Romania,2024.0,SPO-RO0198A_00001_100,RO0198A,21.2671,45.25793,86.0,suburban,background,STA-RO0198A
Romania,2024.0,SPO-RO0199A_00001_100,RO0199A,21.89308,45.69455,117.0,urban,industrial,STA-RO0199A
Romania,2024.0,SPO-RO0200A_00001_100,RO0200A,28.78689,45.17954,7.0,urban,traffic,STA-RO0200A
Romania,2024.0,SPO-RO0201A_00001_100,RO0201A,28.77439,45.17524,35.0,suburban,industrial,STA-RO0201A
Romania,2024.0,SPO-RO0202A_00001_100,RO0202A,28.42446,45.27104,4.0,suburban,traffic,STA-RO0202A
Romania,2024.0,SPO-RO0203A_00001_100,RO0203A,24.36979,45.08273,226.0,urban,background,STA-RO0203A
Romania,2024.0,SPO-RO0204A_00001_100,RO0204A,24.29863,45.03883,219.0,suburban,industrial,STA-RO0204A
Romania,2024.0,SPO-RO0205A_00001_100,RO0205A,27.73089,46.63214,110.0,urban,background,STA-RO0205A
Romania,2024.0,SPO-RO0206A_00001_100,RO0206A,27.21162,45.69674,45.0,suburban,background,STA-RO0206A
Romania,2024.0,SPO-RO0191A_00001_100,RO0191A,25.31248,43.98037,49.0,urban,background,STA-RO0191A
Romania,2024.0,SPO-RO0192A_00001_100,RO0192A,24.90175,43.75801,31.0,suburban,industrial,STA-RO0192A
Romania,2024.0,SPO-RO0215A_00001_100,RO0215A,24.86998,43.74558,37.0,urban,background,STA-RO0215A
Romania,2024.0,SPO-RO0216A_00001_100,RO0216A,24.85989,43.71212,25.0,rural,industrial,STA-RO0216A
Romania,2024.0,SPO-RO0217A_00001_100,RO0217A,25.36358,43.65072,35.0,urban,background,STA-RO0217A
Serbia,2023.0,SPO-RS0028A_00001_100,RS0028A,20.45018,44.79875,83.0,urban,traffic,STA-RS0028A
Serbia,2023.0,SPO-RS0030A_00001_100,RS0030A,21.91355,43.31655,200.0,urban,traffic,STA-RS0030A
Serbia,2023.0,SPO-RS0031A_00001_100,RS0031A,19.8357,45.23864,81.0,urban,background,STA-RS0031A
Serbia,2023.0,SPO-RS0037A_00001_100,RS0037A,20.47529,44.79696,141.0,urban,background,STA-RS0037A
Serbia,2023.0,SPO-RS0039A_00001_100,RS0039A,20.93168,44.65234,147.0,suburban,background,STA-RS0039A
Serbia,2023.0,SPO-RS0041A_00001_100,RS0041A,19.89901,44.27305,181.0,urban,background,STA-RS0041A
Serbia,2023.0,SPO-RS0043A_00001_100,RS0043A,20.92503,44.01157,175.0,urban,background,STA-RS0043A
Serbia,2023.0,SPO-RS0045A_00001_100,RS0045A,20.34551,43.89316,242.0,suburban,background,STA-RS0045A
Sweden,2024.0,SPO-SE0001A_00001_100,SE0001A,13.00196,55.60639,25.0,urban,background,STA-SE0001A
Sweden,2024.0,SPO-SE0053A_00001_100,SE0053A,12.69127,56.04727,25.0,urban,background,STA-SE0053A
Sweden,2024.0,SPO-SE0054A_00001_100,SE0054A,13.20084,55.70083,60.0,urban,background,STA-SE0054A
Sweden,2024.0,SPO-SE0056A_00005_101,SE0056A,12.83364,55.87743,10.0,urban,traffic,STA-SE0056A
Sweden,2024.0,SPO-SE0058A_00005_100,SE0058A,13.00623,55.58475,11.0,urban,traffic,STA-SE0058A
Sweden,2024.0,SPO-SE0085A_00005_100,SE0085A,12.69163,56.04718,3.0,urban,traffic,STA-SE0085A
Sweden,2024.0,SPO-SE0094A_00007_100,SE0094A,13.006,55.5844,11.0,urban,traffic,STA-SE0094A
Sweden,2024.0,SPO-SE0096A_00007_100,SE0096A,13.008,55.59409,20.0,urban,traffic,STA-SE0096A
Sweden,2024.0,SPO-SE155531_00001_100,SE155531,13.15746,55.37288,1.7,urban,traffic,STA-SE155531
Sweden,2024.0,SPO-SE20484_00001_100,SE20484,12.8283,55.8685,6.6,urban,background,STA-SE20484
Sweden,2024.0,SPO-SE30310-00008_100,SE30310,12.70938,56.04306,24.8,urban,traffic,STA-SE30310
Sweden,2024.0,SPO-SE35735_00008_100,SE35735,13.07093,55.6319,3.0,urban,traffic,STA-SE35735
Sweden,2024.0,SPO-SE35916_00005_100,SE35916,13.07203,55.63336,6.0,urban,traffic,STA-SE35916
Sweden,2024.0,SPO-SE38350_00005_100,SE38350,13.18028,55.70334,40.0,urban,traffic,STA-SE38350
Sweden,2024.0,SPO-SE01285_00008_100,SE01285,13.50219,59.37836,47.1,urban,traffic,STA-SE01285
Sweden,2024.0,SPO-SE09450_00001_100,SE09450,12.92977,59.13273,60.0,urban,background,STA-SE09450
Sweden,2024.0,SPO-SE12097_00007_100,SE12097,13.50142,59.38059,107.0,urban,background,STA-SE12097
Sweden,2024.0,SPO-SE12100_00008_100,SE12100,13.49559,59.37959,47.6,urban,traffic,STA-SE12100
Sweden,2024.0,SPO-SE135020_00005_100,SE135020,13.49806,59.37819,47.0,urban,traffic,STA-SE135020
Sweden,2024.0,SPO-SE155530_00005_100,SE155530,16.55046,59.60987,23.0,urban,traffic,STA-SE155530
Sweden,2024.0,SPO-SE0003A_00005_100,SE0003A,18.04866,59.31722,24.0,urban,traffic,STA-SE0003A
Sweden,2024.0,SPO-SE0022A_00001_100,SE0022A,18.05781,59.31601,58.0,urban,background,STA-SE0022A
Sweden,2024.0,SPO-SE0027A_00005_100,SE0027A,18.05825,59.34083,8.0,urban,traffic,STA-SE0027A
Sweden,2024.0,SPO-SE0066A_00005_100,SE0066A,18.63131,59.83238,24.0,rural-regional,background,STA-SE0066A
Sweden,2024.0,SPO-SE0071A_00005_100,SE0071A,17.92332,59.4422,34.0,urban,traffic,STA-SE0071A
Sweden,2024.0,SPO-SE0072A_00005_100,SE0072A,17.62108,59.19811,28.0,urban,traffic,STA-SE0072A
Sweden,2024.0,SPO-SE0087A_00005_100,SE0087A,18.00439,59.32553,16.0,urban,traffic,STA-SE0087A
Sweden,2024.0,SPO-SE09457_00008_100,SE09457,17.8587,59.34976,2.0,urban,background,STA-SE09457
Sweden,2024.0,SPO-SE156417_00005_100,SE156417,17.64631,59.85709,15.0,urban,traffic,STA-SE156417
Sweden,2024.0,SPO-SE157992_00005_100,SE157992,18.03702,59.3405,17.0,urban,traffic,STA-SE157992
Sweden,2024.0,SPO-SE157993_00005_100,SE157993,18.00404,59.3133,37.0,urban,traffic,STA-SE157993
Sweden,2024.0,SPO-SE159403_00005_100,SE159403,18.07714,59.3146,26.0,urban,traffic,STA-SE159403
Sweden,2024.0,SPO-SE159404_00005_100,SE159404,17.6376,59.86052,23.0,urban,background,STA-SE159404
Sweden,2024.0,SPO-SE18638_00008_100,SE18638,18.04866,59.31722,24.0,urban,background,STA-SE18638
Sweden,2024.0,SPO-SE18639_00008_100,SE18639,18.04905,59.31709,24.0,urban,traffic,STA-SE18639
Sweden,2024.0,SPO-SE18640_00008_100,SE18640,18.05825,59.34083,8.0,urban,background,STA-SE18640
Sweden,2024.0,SPO-SE18641_00008_100,SE18641,18.05849,59.34108,8.0,urban,traffic,STA-SE18641
Sweden,2024.0,SPO-SE36244_00008_100,SE36244,17.83833,59.23706,28.0,urban,traffic,STA-SE36244
Sweden,2024.0,SPO-SE36245_00005_100,SE36245,17.14712,60.67155,10.0,urban,traffic,STA-SE36245
Sweden,2024.0,SPO-SE0005R_00001_100,SE0005R,15.31973,63.8455,380.0,rural,background,STA-SE0005R
Sweden,2024.0,SPO-SE0008R_00001_101,SE0008R,18.1507,56.9224,39.0,rural,background,STA-SE0008R
Sweden,2024.0,SPO-SE0014R_00001_100,SE0014R,11.9142,57.3937,2.0,rural,background,STA-SE0014R
Sweden,2024.0,SPO-SE00186_00001_100,SE00186,18.299,63.053,215.0,rural,background,STA-SE00186
Sweden,2024.0,SPO-SE0035R_00007_100,SE0035R,19.76724,64.24423,271.0,rural-remote,background,STA-SE0035R
Sweden,2024.0,SPO-SE0039R_00007_100,SE0039R,15.47199,59.72815,132.0,rural-remote,background,STA-SE0039R
Sweden,2024.0,SPO-SE0053R_00001_100,SE0053R,20.9398,64.0865,10.0,rural,background,STA-SE0053R
Sweden,2024.0,SPO-SE00601_00001_101,SE00601,16.5065,60.8148,185.0,rural,background,STA-SE00601
Sweden,2024.0,SPO-SE0110A_00007_100,SE0110A,13.2235,55.6487,17.0,suburban,background,STA-SE0110A
Sweden,2024.0,SPO-SE0111A_00007_100,SE0111A,11.9216,57.8634,13.0,suburban,background,STA-SE0111A
Sweden,2024.0,SPO-SE0112A_00007_100,SE0112A,12.403,57.9525,67.0,rural-regional,background,STA-SE0112A
Sweden,2024.0,SPO-SE0116A_00001_100,SE0116A,13.14855,56.04243,187.0,rural-regional,background,STA-SE0116A
Sweden,2024.0,SPO-SE159227_00001_100,SE159227,16.32118,62.28088,420.0,rural-regional,background,STA-SE159227
Sweden,2024.0,SPO-SE159388_00001_100,SE159388,17.50528,60.08583,45.0,rural-regional,background,STA-SE159388
Sweden,2024.0,SPO-SE38793_00001_100,SE38793,21.46728,66.06204,179.0,rural,background,STA-SE38793
Sweden,2024.0,SPO-SE38940_00001_100,SE38940,14.3166,58.7899,128.0,rural,background,STA-SE38940
Sweden,2024.0,SPO-SE0021A_00001_100,SE0021A,11.9946,57.70094,4.8,urban,traffic,STA-SE0021A
Sweden,2024.0,SPO-SE09346_00001_100,SE09346,12.01508,57.65803,20.0,urban,background,STA-SE09346
Sweden,2024.0,SPO-SE32426_00008_100,SE32426,12.01508,57.65803,3.6,urban,traffic,STA-SE32426
Sweden,2024.0,SPO-SE0113A_00005_100,SE0113A,12.94474,57.72079,143.0,urban,traffic,STA-SE0113A
Sweden,2024.0,SPO-SE0102A_00001_100,SE0102A,15.6294,60.6083,130.0,urban,background,STA-SE0102A
Sweden,2024.0,SPO-SE157868_00005_100,SE157868,14.15952,57.77824,97.5,urban,traffic,STA-SE157868
Sweden,2024.0,SPO-SE0095A_00005_100,SE0095A,17.30889,62.38856,7.0,urban,traffic,STA-SE0095A
Sweden,2024.0,SPO-SE0106A_00005_100,SE0106A,18.71606,63.29138,10.0,urban,traffic,STA-SE0106A
Sweden,2024.0,SPO-SE33866_00005_100,SE33866,14.55613,56.89933,152.0,urban,traffic,STA-SE33866
Sweden,2024.0,SPO-SE36199_00005_100,SE36199,13.94199,56.83479,137.0,urban,traffic,STA-SE36199
Sweden,2024.0,SPO-SE0093A_00005_100,SE0093A,12.86337,56.67206,6.0,urban,traffic,STA-SE0093A
Sweden,2024.0,SPO-SE07111_00007_100,SE07111,12.8576,56.6729,20.0,urban,background,STA-SE07111
Sweden,2024.0,SPO-SE0004A_00001_100,SE0004A,11.97024,57.70902,31.0,urban,background,STA-SE0004A
Sweden,2024.0,SPO-SE0067A_00005_100,SE0067A,11.96055,57.69786,9.0,urban,traffic,STA-SE0067A
Sweden,2024.0,SPO-SE0061A_00001_100,SE0061A,15.99215,59.51394,6.5,urban,background,STA-SE0061A
Sweden,2024.0,SPO-SE0059A_00005_100,SE0059A,20.25849,63.82886,15.0,urban,traffic,STA-SE0059A
Sweden,2024.0,SPO-SE0091A_00005_100,SE0091A,20.9605,64.7505,10.0,urban,traffic,STA-SE0091A
Sweden,2024.0,SPO-SE164766_00005_100,SE164766,20.6657,67.13597,355.0,urban,traffic,STA-SE164766
Sweden,2024.0,SPO-SE0100A_00005_100,SE0100A,22.14042,65.58062,4.1,urban,traffic,STA-SE0100A
Sweden,2024.0,SPO-SE0101A_00001_100,SE0101A,22.14383,65.58319,30.0,urban,background,STA-SE0101A
Sweden,2024.0,SPO-SE31752_00005_100,SE31752,21.47917,65.31811,5.0,urban,traffic,STA-SE31752
Sweden,2024.0,SPO-SE165162_00008_100,SE165162,21.69064,65.82259,13.5,urban,traffic,STA-SE165162
Sweden,2024.0,SPO-SE21059_00005_100,SE21059,21.68995,65.82549,20.0,urban,traffic,STA-SE21059
Slovenia,2023.0,SPO-SI0001A_00001_100,SI0001A,15.26248,46.23451,240.0,urban,background,STA-SI0001A
Slovenia,2023.0,SPO-SI0002A_00001_100,SI0002A,15.6513,46.55887,270.0,urban,traffic,STA-SI0002A
Slovenia,2023.0,SPO-SI0003A_00001_100,SI0003A,14.51272,46.06554,299.0,urban,background,STA-SI0003A
Slovenia,2023.0,SPO-SI0008R_00001_100,SI0008R,14.85807,45.5611,540.0,rural,background,STA-SI0008R
Slovenia,2023.0,SPO-SI0033A_00001_100,SI0033A,16.19132,46.65209,188.0,rural,background,STA-SI0033A
Slovenia,2023.0,SPO-SI0034A_00001_100,SI0034A,13.65239,45.95557,113.0,urban,background,STA-SI0034A
Slovenia,2023.0,SPO-SI0036A_00001_100,SI0036A,14.99612,46.13111,241.0,urban,traffic,STA-SI0036A
Slovenia,2023.0,SPO-SI0038A_00005_100,SI0038A,13.71352,45.54301,56.0,urban,background,STA-SI0038A
Slovenia,2023.0,SPO-SI0054A_00001_100,SI0054A,15.03523,46.13878,250.0,suburban,background,STA-SI0054A
Slovakia,2024.0,SPO-SK0001A_00001_500,SK0001A,17.1255,48.12471,138.0,urban,background,STA-SK0001A
Slovakia,2024.0,SPO-SK0002A_00001_500,SK0002A,17.12892,48.15837,136.0,urban,traffic,STA-SK0002A
Slovakia,2024.0,SPO-SK0008A_00001_500,SK0008A,19.30252,49.07901,475.0,urban,background,STA-SK0008A
Slovakia,2024.0,SPO-SK0020A_00001_500,SK0020A,18.77122,49.21145,356.0,urban,background,STA-SK0020A
Slovakia,2024.0,SPO-SK0025A_00001_500,SK0025A,20.24037,48.6312,289.0,urban,background,STA-SK0025A
Slovakia,2024.0,SPO-SK0037A_00001_100,SK0037A,21.91371,48.93093,160.0,urban,background,STA-SK0037A
Slovakia,2024.0,SPO-SK0039A_00001_100,SK0039A,18.92136,49.05972,383.0,urban,traffic,STA-SK0039A
Slovakia,2024.0,SPO-SK0045A_00001_100,SK0045A,17.58495,48.37123,152.0,urban,traffic,STA-SK0045A
Slovakia,2024.0,SPO-SK0047A_00001_100,SK0047A,18.04125,48.89647,214.0,urban,traffic,STA-SK0047A
Slovakia,2024.0,SPO-SK0048A_00001_100,SK0048A,17.10624,48.16796,287.0,suburban,background,STA-SK0048A
Slovakia,2024.0,SPO-SK0050A_00001_100,SK0050A,18.62813,48.7827,276.0,urban,background,STA-SK0050A
Slovakia,2024.0,SPO-SK0134A_00001_100,SK0134A,18.14064,48.28305,149.0,suburban,background,STA-SK0134A
Slovakia,2024.0,SPO-SK0214A_00001_100,SK0214A,19.15491,48.73516,346.0,urban,traffic,STA-SK0214A
Slovakia,2024.0,SPO-SK0263A_00005_100,SK0263A,19.11527,48.73326,425.0,urban,background,STA-SK0263A
Slovakia,2024.0,SPO-SK0265A_00001_100,SK0265A,20.87406,48.9156,372.0,urban,traffic,STA-SK0265A
Slovakia,2024.0,SPO-SK0266A_00005_100,SK0266A,21.26679,48.99249,252.0,urban,traffic,STA-SK0266A
Slovakia,2024.0,SPO-SK0267A_00001_100,SK0267A,21.25884,48.72627,209.0,urban,traffic,STA-SK0267A
Slovakia,2024.0,SPO-SK0269A_00001_100,SK0269A,18.07683,48.30946,143.0,urban,traffic,STA-SK0269A
Slovakia,2024.0,SPO-SK0407A_00001_100,SK0407A,17.01898,48.43688,197.0,urban,traffic,STA-SK0407A
Slovakia,2024.0,SPO-SK0041A_00005_100,SK0041A,20.32281,49.03466,694.0,rural,background,STA-SK0041A
Slovakia,2024.0,SPO-SK0004R_00005_100,SK0004R,20.28949,49.15141,808.0,rural,background,STA-SK0004R
Slovakia,2024.0,SPO-SK0006R_00007_100,SK0006R,22.26,49.04278,345.0,rural,background,STA-SK0006R
Slovakia,2024.0,SPO-SK0007R_00001_100,SK0007R,17.86014,47.95945,113.0,rural,background,STA-SK0007R
Trkiye,2023.0,SPO-TR100241_0001,TR100241,27.97496,40.34795,38.0,urban,background,STA-TR100241
Trkiye,2023.0,SPO-TR100313_0001,TR100313,27.97861,40.48972,61.0,rural,background,STA-TR100313
Trkiye,2023.0,SPO-TR100411_0001,TR100411,27.00396,39.59962,24.0,urban,background,STA-TR100411
Trkiye,2023.0,SPO-TR100531_0001,TR100531,27.89047,39.64867,132.0,urban,traffic,STA-TR100531
Trkiye,2023.0,SPO-TR110241_0001,TR110241,30.05295,39.90395,755.0,urban,background,STA-TR110241
Trkiye,2023.0,SPO-TR140441_0001,TR140441,31.60489,40.72622,715.0,urban,background,STA-TR140441
Trkiye,2023.0,SPO-TR160231_0001,TR160231,29.08049,40.18565,189.0,urban,traffic,STA-TR160231
Trkiye,2023.0,SPO-TR160341_0001,TR160341,29.50024,40.08089,289.0,urban,background,STA-TR160341
Trkiye,2023.0,SPO-TR160421_0001,TR160421,29.2054,40.19542,131.0,urban,industrial,STA-TR160421
Trkiye,2023.0,SPO-TR160512_0001,TR160512,29.04588,40.19572,143.0,suburban,background,STA-TR160512
Trkiye,2023.0,SPO-TR160613_0001,TR160613,28.87154,40.22337,87.0,rural,background,STA-TR160613
Trkiye,2023.0,SPO-TR170221_0001,TR170221,27.0498,40.02925,82.0,urban,industrial,STA-TR170221
Trkiye,2023.0,SPO-TR170313_0001,TR170313,26.77063,40.40307,12.0,rural,background,STA-TR170313
Trkiye,2023.0,SPO-TR220213_0001,TR220213,26.53732,41.65914,36.0,urban,background,STA-TR220213
Trkiye,2023.0,SPO-TR220341_0001,TR220341,26.63529,40.85121,133.0,urban,background,STA-TR220341
Trkiye,2023.0,SPO-TR260441_0001,TR260441,30.56396,39.75777,803.0,urban,background,STA-TR260441
Trkiye,2023.0,SPO-TR340141_0001,TR340141,28.78986,41.09552,142.0,urban,background,STA-TR340141
Trkiye,2023.0,SPO-TR340241_0001,TR340241,28.66955,41.02028,36.0,urban,background,STA-TR340241
Trkiye,2023.0,SPO-TR340341_0001,TR340341,28.97478,41.09233,91.0,urban,background,STA-TR340341
Trkiye,2023.0,SPO-TR340411_0001,TR340411,29.05899,41.0746,9.0,rural,background,STA-TR340411
Trkiye,2023.0,SPO-TR340531_0001,TR340531,28.99446,41.06596,120.0,urban,traffic,STA-TR340531
Trkiye,2023.0,SPO-TR340611_0001,TR340611,28.25554,41.07318,35.0,urban,background,STA-TR340611
Trkiye,2023.0,SPO-TR340741_0001,TR340741,29.26881,40.98447,128.0,urban,background,STA-TR340741
Trkiye,2023.0,SPO-TR340841_0001,TR340841,28.87202,41.10197,128.0,urban,background,STA-TR340841
Trkiye,2023.0,SPO-TR340913_0001,TR340913,29.56336,41.17046,68.0,rural,background,STA-TR340913
Trkiye,2023.0,SPO-TR341031_0001,TR341031,28.83866,41.00245,33.0,urban,traffic,STA-TR341031
Trkiye,2023.0,SPO-TR341131_0001,TR341131,29.09973,41.02442,151.0,urban,traffic,STA-TR341131
Trkiye,2023.0,SPO-TR341231_0001,TR341231,29.02489,41.02705,44.0,urban,traffic,STA-TR341231
Trkiye,2023.0,SPO-TR342141_0001,TR342141,28.98277,41.08773,11.0,urban,background,STA-TR342141
Trkiye,2023.0,SPO-TR350213_0001,TR350213,26.83285,38.20344,35.0,rural,background,STA-TR350213
Trkiye,2023.0,SPO-TR390213_0001,TR390213,27.7775,41.56345,149.0,rural,background,STA-TR390213
Trkiye,2023.0,SPO-TR390313_0001,TR390313,28.05599,41.88515,28.0,rural,background,STA-TR390313
Trkiye,2023.0,SPO-TR390441_0001,TR390441,27.34588,41.39841,56.0,urban,background,STA-TR390441
Trkiye,2023.0,SPO-TR410641_0001,TR410641,30.0077,40.77101,8.0,urban,background,STA-TR410641
Trkiye,2023.0,SPO-TR410741_0001,TR410741,29.79463,40.72597,3.0,urban,background,STA-TR410741
Trkiye,2023.0,SPO-TR410831_0001,TR410831,29.93812,40.76811,17.0,urban,traffic,STA-TR410831
Trkiye,2023.0,SPO-TR410913_0001,TR410913,30.00658,41.13075,33.0,rural,background,STA-TR410913
Trkiye,2023.0,SPO-TR411021_0001,TR411021,29.7888,40.74604,4.0,urban,industrial,STA-TR411021
Trkiye,2023.0,SPO-TR411122_0001,TR411122,29.88448,40.70417,25.0,urban,industrial,STA-TR411122
Trkiye,2023.0,SPO-TR540231_0001,TR540231,30.4099,40.7693,32.0,urban,traffic,STA-TR540231
Trkiye,2023.0,SPO-TR540331_0001,TR540331,30.39692,40.79072,32.0,urban,traffic,STA-TR540331
Trkiye,2023.0,SPO-TR540422_0001,TR540422,30.65023,40.75497,29.0,suburban,industrial,STA-TR540422
Trkiye,2023.0,SPO-TR590231_0001,TR590231,27.50324,40.97727,41.0,urban,traffic,STA-TR590231
Trkiye,2023.0,SPO-TR590341_0001,TR590341,27.98018,41.31835,199.0,urban,background,STA-TR590341
Trkiye,2023.0,SPO-TR590441_0001,TR590441,27.81114,41.15604,177.0,urban,background,STA-TR590441
Trkiye,2023.0,SPO-TR590522_0001,TR590522,27.81541,41.1807,137.0,suburban,industrial,STA-TR590522
Trkiye,2023.0,SPO-TR770212_0001,TR770212,29.50785,40.70058,22.0,suburban,background,STA-TR770212
Trkiye,2023.0,SPO-TR770313_0001,TR770313,28.78459,40.52935,98.0,rural,background,STA-TR770313
Kosovo under UNSCR 1244/99,2023.0,SPO-XK0002A_00001_100,XK0002A,21.15732,42.65964,583.0,urban,background,STA-XK0002A
Kosovo under UNSCR 1244/99,2023.0,SPO-XK0006A_00001_100,XK0006A,20.72794,42.21986,410.0,urban,background,STA-XK0006A
Kosovo under UNSCR 1244/99,2023.0,SPO-XK0008A_00001_100,XK0008A,21.29597,42.15401,399.0,suburban,background,STA-XK0008A
Kosovo under UNSCR 1244/99,2023.0,SPO-XK0009A_00001_100,XK0009A,21.46043,42.4678,510.0,urban,background,STA-XK0009A
